path,name,kind,bytes,lines,sha256
docs/FINAL/99_SUPERSEDED_BY_REFERENCE_v0.2.6_20260630,99_SUPERSEDED_BY_REFERENCE_v0.2.6_20260630,dir,,,
docs/FINAL/CURRENT_REFERENCE_INDEX.md,CURRENT_REFERENCE_INDEX.md,file,1719,23,e1dfd8151bc6620e3a3b4d66c6e280f0698fb0e5be0df49c67b97721b944e8f7
docs/FINAL/fusion_inbox_R6,fusion_inbox_R6,dir,,,
docs/FINAL/fusion_inbox_R6/00_ADMIN,00_ADMIN,dir,,,
docs/FINAL/fusion_inbox_R6/00_ADMIN/BUTTON_FUNCTION_MAPPING_FINAL.md,BUTTON_FUNCTION_MAPPING_FINAL.md,file,968,20,8e1413590910f336bf140f7fab504bbbefaae24691d75dccb07606ef0d76dd71
docs/FINAL/fusion_inbox_R6/00_ADMIN/CHANGELOG_MVP_QAIC_INSTRUCTIONS_0.4.9.md,CHANGELOG_MVP_QAIC_INSTRUCTIONS_0.4.9.md,file,692,15,4a86fcc7799d33a6979220b0e8958a86a02180b9441f52412e737cc5408969e6
docs/FINAL/fusion_inbox_R6/00_ADMIN/CHANGELOG_MVP_QAIC_P2A_FINAL_LEXIQUE_MASTER_SEARCH_0.9.0.md,CHANGELOG_MVP_QAIC_P2A_FINAL_LEXIQUE_MASTER_SEARCH_0.9.0.md,file,312,8,68c48ce3d82ec93f00d63eecf7bcff9f9857914039de167b8834701777d2f50f
docs/FINAL/fusion_inbox_R6/00_ADMIN/MANIFEST_MVP_QAIC_INSTRUCTIONS_0.4.9.md,MANIFEST_MVP_QAIC_INSTRUCTIONS_0.4.9.md,file,672,26,4aa1512eed43deac05aba62a4857606944769f9b1e4520cbe53da145e1e32641
docs/FINAL/fusion_inbox_R6/00_ADMIN/README_MVP_QAIC_INSTRUCTIONS_0.4.9.md,README_MVP_QAIC_INSTRUCTIONS_0.4.9.md,file,976,42,5631a637945acf3100d961eec29852dc252875f9cd67e1ba07b769cb9e09979b
docs/FINAL/fusion_inbox_R6/ARCHITECTURE,ARCHITECTURE,dir,,,
docs/FINAL/fusion_inbox_R6/ARCHITECTURE/🧠 DECISION_JOURNAL_USAGE_AND_PROMPT_IMPROVEMENT_LOOP_0.4.6.md,🧠 DECISION_JOURNAL_USAGE_AND_PROMPT_IMPROVEMENT_LOOP_0.4.6.md,file,1259,77,49f2b7355465a38a17948ba62e1aa25de559c2f833c9dfe2c05677f307f462cf
docs/FINAL/fusion_inbox_R6/ARCHITECTURE/🧱 ARCHITECTURE_MVP_QAIC_LEXIQUE_FIRST_0.7.2_REAL_FULL_SOURCE_FUSION.md,🧱 ARCHITECTURE_MVP_QAIC_LEXIQUE_FIRST_0.7.2_REAL_FULL_SOURCE_FUSION.md,file,8800,247,76d36aec038e4d1c761cef5caa1b4b854dd328c34bebd3ad7952e2afee86e805
docs/FINAL/fusion_inbox_R6/ARCHITECTURE/🧱 ARCHITECTURE_MVP_QAIC_LEXIQUE_FIRST_APPSHEET_QAIC_PYTHON_0.6.2.md,🧱 ARCHITECTURE_MVP_QAIC_LEXIQUE_FIRST_APPSHEET_QAIC_PYTHON_0.6.2.md,file,5249,138,afc5b5d90b67b172dc2c265fa2ffad872715d9c363be87d3d613d9551a5c73d3
docs/FINAL/fusion_inbox_R6/CDC,CDC,dir,,,
docs/FINAL/fusion_inbox_R6/CDC/MEMO_CDC_MVP_QAIC_PHASE4_TO_FINAL_1.4.2.md,MEMO_CDC_MVP_QAIC_PHASE4_TO_FINAL_1.4.2.md,file,5786,223,aed894d7b104414cb26dd4e633eda0260a91f0dbffe37b394e3a4cb1804dd572
docs/FINAL/fusion_inbox_R6/CDC/MEMO_MVP_QAIC_PHASE4_TO_FINAL_1.4.2.md,MEMO_MVP_QAIC_PHASE4_TO_FINAL_1.4.2.md,file,9966,442,b435bc07edad7f4d939142623dc5875a489c396bcf3c554312a77f24c5043c3c
docs/FINAL/fusion_inbox_R6/CDC/📘 CDC_MVP_QAIC_WEB_APP_LEXIQUE_FIRST_0.6.2_REAL_FUSION_REPAIR.md,📘 CDC_MVP_QAIC_WEB_APP_LEXIQUE_FIRST_0.6.2_REAL_FUSION_REPAIR.md,file,28498,829,8be25c6ce2ba2d43f793187000d2e53eba37ef98ca8566cdd4083bc124065b45
docs/FINAL/fusion_inbox_R6/CDC/📘 CDC_MVP_QAIC_WEB_APP_LEXIQUE_FIRST_0.7.2_REAL_FULL_SOURCE_FUSION.md,📘 CDC_MVP_QAIC_WEB_APP_LEXIQUE_FIRST_0.7.2_REAL_FULL_SOURCE_FUSION.md,file,32037,938,5553fa37b704c7748da54668206bbbaac78096f7c9a78dd9aa923bac0ffd4037
docs/FINAL/fusion_inbox_R6/FINAL_FUSED,FINAL_FUSED,dir,,,
docs/FINAL/fusion_inbox_R6/FINAL_FUSED/MVP_QAIC_PY,MVP_QAIC_PY,dir,,,
docs/FINAL/fusion_inbox_R6/FINAL_FUSED/MVP_QAIC_PY/📘 MVP_QAIC_CDC_CONTRACT_FINAL_FUSED_v0.2.2.md,📘 MVP_QAIC_CDC_CONTRACT_FINAL_FUSED_v0.2.2.md,file,116077,2143,6ae690d5f51426f56b188b373b423d06e99ec53b04674c722d9135cdbd04082b
docs/FINAL/fusion_inbox_R6/FINAL_FUSED/MVP_QAIC_PY/🚀 MVP_QAIC_NOTICE_RUNBOOK_FINAL_FUSED_v0.2.2.md,🚀 MVP_QAIC_NOTICE_RUNBOOK_FINAL_FUSED_v0.2.2.md,file,99999,2917,add7fc5914465e83f7e8f63010d85fe849ebbef40de8ae9b203bb78574538102
docs/FINAL/fusion_inbox_R6/FINAL_FUSED/MVP_QAIC_PY/🧭 MVP_QAIC_INSTRUCTIONS_GOVERNANCE_FINAL_FUSED_v0.2.2.md,🧭 MVP_QAIC_INSTRUCTIONS_GOVERNANCE_FINAL_FUSED_v0.2.2.md,file,98191,1773,87c90dd145b1129b4c6c286132c0fbfadf2b782e51c16484c4031d333e0af7a4
docs/FINAL/fusion_inbox_R6/INSTRUCTIONS,INSTRUCTIONS,dir,,,
docs/FINAL/fusion_inbox_R6/INSTRUCTIONS/INSTRUCTIONS_UI_IMPERATIVE_MVP_QAIC_1.0.2.md,INSTRUCTIONS_UI_IMPERATIVE_MVP_QAIC_1.0.2.md,file,1768,36,e3d0e6a92bf32cce0ddfa7054e02e0e6f8a6ad71d8f604dd81e130d593ed835b
docs/FINAL/fusion_inbox_R6/INSTRUCTIONS/PROCESS_GOVERNANCE_073,PROCESS_GOVERNANCE_073,dir,,,
docs/FINAL/fusion_inbox_R6/INSTRUCTIONS/PROCESS_GOVERNANCE_073/INSTRUCTIONS_PROCESS_GOVERNANCE_BATCH_MAXI_FAST_FUSE_0.7.3.md,INSTRUCTIONS_PROCESS_GOVERNANCE_BATCH_MAXI_FAST_FUSE_0.7.3.md,file,4052,179,a1cf85644ea738dc236f7def58abe8bf5f4f0819ab40f5cfefe1034044560556
docs/FINAL/fusion_inbox_R6/INSTRUCTIONS/VERSION_COURTE_PROJET_CHATGPT_MVP_QAIC_0.4.9.md,VERSION_COURTE_PROJET_CHATGPT_MVP_QAIC_0.4.9.md,file,3364,27,4866cd6905da296f4233359b67d08442722872025b9f03c4c6d2c71d80edd316
docs/FINAL/fusion_inbox_R6/INSTRUCTIONS/🚀 INSTRUCTIONS_PROJET_MVP_QAIC_0.6.2_REAL_FUSION_REPAIR.md,🚀 INSTRUCTIONS_PROJET_MVP_QAIC_0.6.2_REAL_FUSION_REPAIR.md,file,47428,1602,0b4f4c3d05d990e2748d5767a1b85a10a3d4a6a9c98ce5bea713325c65679b8d
docs/FINAL/fusion_inbox_R6/INSTRUCTIONS/🚀 INSTRUCTIONS_PROJET_MVP_QAIC_0.7.2_REAL_FULL_SOURCE_FUSION.md,🚀 INSTRUCTIONS_PROJET_MVP_QAIC_0.7.2_REAL_FULL_SOURCE_FUSION.md,file,50971,1711,33c721369eec0b7adffe952ac4bff9d382df7b10b13a79731a4823d9d1ef597f
docs/FINAL/fusion_inbox_R6/LEXIQUE,LEXIQUE,dir,,,
docs/FINAL/fusion_inbox_R6/LEXIQUE/lexique_crypto_methodes_signaux_trading_pro_0.7.2_REAL_FULL_SOURCE_FUSION.md,lexique_crypto_methodes_signaux_trading_pro_0.7.2_REAL_FULL_SOURCE_FUSION.md,file,30228,1041,baf5a8cb7d31e830ff4702406c657416e19889271cd9e21150096a7c2277834e
docs/FINAL/fusion_inbox_R6/MANIFEST,MANIFEST,dir,,,
docs/FINAL/fusion_inbox_R6/MANIFEST/MANIFEST_MVP_QAIC_DOCS_0.2.0.md,MANIFEST_MVP_QAIC_DOCS_0.2.0.md,file,1107,43,972ae3481a865f25fa82e0b6761d3e1bfc65fd2cf5bb9ad9b434440bf4e5c5c0
docs/FINAL/fusion_inbox_R6/MANIFEST/MANIFEST_MVP_QAIC_DOCS_0.2.1.md,MANIFEST_MVP_QAIC_DOCS_0.2.1.md,file,1692,70,c10b4b3a2e5b54e5f1f2200389720e85cdf6652e972eaa50ec7a8b4b99487947
docs/FINAL/fusion_inbox_R6/MANIFEST/MANIFEST_MVP_QAIC_INSTRUCTIONS_0.5.0_UI_FULL_FUSION.md,MANIFEST_MVP_QAIC_INSTRUCTIONS_0.5.0_UI_FULL_FUSION.md,file,1587,45,d3d67f0cbd7dbdf964174320f8c694f64f22ec74e1367e835670ab478e0bec42
docs/FINAL/fusion_inbox_R6/MANIFEST/manifest_MVPQAIC_REFERENCE_DOCS_0.6.2_REAL_FUSION_REPAIR.json,manifest_MVPQAIC_REFERENCE_DOCS_0.6.2_REAL_FUSION_REPAIR.json,file,2485,82,59b45641f8d58b08536e6709918c2f83132e67297032ab18be66377e5cb4f82c
docs/FINAL/fusion_inbox_R6/NOTICE_UTILISATION,NOTICE_UTILISATION,dir,,,
docs/FINAL/fusion_inbox_R6/NOTICE_UTILISATION/NOTICE_UTILISATION_MVP_QAIC_P2F_GPT_RESPONSE_INTAKE_0.8.0.md,NOTICE_UTILISATION_MVP_QAIC_P2F_GPT_RESPONSE_INTAKE_0.8.0.md,file,3070,154,9f107c8838f0a715948350451173b68c4d09d56ac161dbbbba187a2c4175abd4
docs/FINAL/fusion_inbox_R6/PLANNING,PLANNING,dir,,,
docs/FINAL/fusion_inbox_R6/PLANNING/🗓️ PLANNING_MVP_QAIC_WEB_APP_TRANSITION_QAIC_0.6.2_REAL_FUSION_REPAIR.md,🗓️ PLANNING_MVP_QAIC_WEB_APP_TRANSITION_QAIC_0.6.2_REAL_FUSION_REPAIR.md,file,27936,1004,bf0ae711f2f2baa03190ee8431b75d6b0fb9a41ea7304b5c6b937a3bc4424c3c
docs/FINAL/fusion_inbox_R6/PLANNING/🗓️ PLANNING_MVP_QAIC_WEB_APP_TRANSITION_QAIC_0.7.2_REAL_FULL_SOURCE_FUSION.md,🗓️ PLANNING_MVP_QAIC_WEB_APP_TRANSITION_QAIC_0.7.2_REAL_FULL_SOURCE_FUSION.md,file,31491,1113,62b9f0c8c1a6d759ddd805e73f4915da7006218bc6197a0c71f85dc550e96e4a
docs/FINAL/fusion_inbox_R6/PROMPTS,PROMPTS,dir,,,
docs/FINAL/fusion_inbox_R6/PROMPTS/README_PROMPTS_PLACEHOLDER.md,README_PROMPTS_PLACEHOLDER.md,file,83,4,e47ab3f2acd07c899751e0897668ea6947d59789ca0fb523bd4bf843a2ce5e7b
docs/FINAL/fusion_inbox_R6/PROMPTS/✅ ANTIGRAVITY_P0A_ACCEPTANCE_CRITERIA_0.2.2.md,✅ ANTIGRAVITY_P0A_ACCEPTANCE_CRITERIA_0.2.2.md,file,910,31,01cfc601dce716dbddb4959d8d97e02cd72c5d0f9e601933194793fb7332e665
docs/FINAL/fusion_inbox_R6/PROMPTS/📝 DECISION_JOURNAL_ENTRY_PROMPT_MVP_QAIC_0.4.0.md,📝 DECISION_JOURNAL_ENTRY_PROMPT_MVP_QAIC_0.4.0.md,file,987,47,aaae46c04f5ee3516a79e407406332bfcce24d795733134a25cd16a5b2999fcc
docs/FINAL/fusion_inbox_R6/PROMPTS/🤖 ANTIGRAVITY_P0A_KNOWLEDGE_BASE_PROMPT_0.2.2.md,🤖 ANTIGRAVITY_P0A_KNOWLEDGE_BASE_PROMPT_0.2.2.md,file,2776,82,fa390b1ee3a4e5adf08ce4536ddbbc6fb5fe57f96c46ccb721bc0debb3a070fe
docs/FINAL/fusion_inbox_R6/PROMPTS/🧠 FIRST_REAL_GPT_RESPONSE_AUDIT_PROMPT_MVP_QAIC_0.4.1.md,🧠 FIRST_REAL_GPT_RESPONSE_AUDIT_PROMPT_MVP_QAIC_0.4.1.md,file,1846,64,2fa042bc1db260b5f9b4b76bd4b4cf9ca290a1d04cd8819c8956d801a73e59aa
docs/FINAL/fusion_inbox_R6/PROMPTS/🧠 GPT_RESPONSE_AUDIT_PROMPT_MVP_QAIC_0.4.0.md,🧠 GPT_RESPONSE_AUDIT_PROMPT_MVP_QAIC_0.4.0.md,file,1472,48,99ac3cde49f0f3b931592b3d3c6d8fe6023f688dbfcbf7bd1f9dd4232b3736b1
docs/FINAL/fusion_inbox_R6/PROMPTS/🧱 ANTIGRAVITY_P0A_WORKSPACE_TREE_0.2.2.md,🧱 ANTIGRAVITY_P0A_WORKSPACE_TREE_0.2.2.md,file,772,25,d82fb9ff4a340d059ecd0bdcd22564a7a79ac0578f80c37091a27019af4c21f8
docs/FINAL/fusion_inbox_R6/README,README,dir,,,
docs/FINAL/fusion_inbox_R6/README/README_MVP_QAIC_DOCS_0.2.0.md,README_MVP_QAIC_DOCS_0.2.0.md,file,1032,38,73f0987ce33cbbcc5a97f06fd6046637c4c9db4432585d9c097a9fcf0daf9116
docs/FINAL/fusion_inbox_R6/README/README_MVP_QAIC_DOCS_0.2.1.md,README_MVP_QAIC_DOCS_0.2.1.md,file,1020,25,5224810166f79839a59324054ae555d510a49eb8bcc6a4690b8e0f4f820412bb
docs/FINAL/fusion_inbox_R6/README/README_MVP_QAIC_INSTRUCTIONS_0.5.0.md,README_MVP_QAIC_INSTRUCTIONS_0.5.0.md,file,664,32,ef72fa159255bb3d3aeb7a08324febc65d26f5f3b828552cf2de4e7598dcfe4d
docs/FINAL/fusion_inbox_R6/README/README_MVP_QAIC_P2C_FRONTEND_RENAME_SAFE_FALLBACKS_0.8.0.md,README_MVP_QAIC_P2C_FRONTEND_RENAME_SAFE_FALLBACKS_0.8.0.md,file,1147,38,7d628eb40bcaf834001cb2f3d20848ea10145791eb28961ee1c42e85914861eb
docs/FINAL/fusion_inbox_R6/README/README_MVP_QAIC_P2I_PROMPT_WORKFLOW_UX_DRAFT_APPROVAL_0.9.5.md,README_MVP_QAIC_P2I_PROMPT_WORKFLOW_UX_DRAFT_APPROVAL_0.9.5.md,file,2122,67,72585e8bb72ac8788d4daec11e378cc83967541825721c006511b88d0e810348
docs/FINAL/fusion_inbox_R6/README/README_MVP_QAIC_P2J_FORCED_ROW_HEIGHTS_HOTFIX_1.0.0_SAFE.md,README_MVP_QAIC_P2J_FORCED_ROW_HEIGHTS_HOTFIX_1.0.0_SAFE.md,file,865,33,fe755c46c1e586ebc96508f2c15f51c4abf916c083f5ec86f95b69fa1243ae37
docs/FINAL/fusion_inbox_R6/README/README_MVP_QAIC_P2L_JOURNAL_UI_AND_INSTRUCTIONS_1.0.2_SAFE.md,README_MVP_QAIC_P2L_JOURNAL_UI_AND_INSTRUCTIONS_1.0.2_SAFE.md,file,744,23,647736595ae6a2246e41c55ea270762a0bbf159a860490f0d2bb351b8a6a3f7c
docs/FINAL/fusion_inbox_R6/README/README_MVP_QAIC_P3A1_STRICT_BASELINE_FUSION_1.4.1_SAFE.md,README_MVP_QAIC_P3A1_STRICT_BASELINE_FUSION_1.4.1_SAFE.md,file,1613,52,6f7bcc5fb411dca48dc73d5df66300da1763a319cbbe2c21e16e0e7842007bf0
docs/FINAL/fusion_inbox_R6/README/README_MVP_QAIC_P3E_RISK_PLAYBOOK_POSITION_ACTION_SIMPLE_APPLY_1.4.5_SAFE.md,README_MVP_QAIC_P3E_RISK_PLAYBOOK_POSITION_ACTION_SIMPLE_APPLY_1.4.5_SAFE.md,file,1537,50,164dfe3e612f7f0b070fda3a2009dcc1f5be3e83bb92697121fa4ae4b75dacd9
docs/FINAL/fusion_inbox_R6/README/README_P2C_FRONTEND_RENAME_CORRECTED.md,README_P2C_FRONTEND_RENAME_CORRECTED.md,file,994,21,f3f2a47e0a50826fa0bb85c2a9e337c6cff710b704f4f968ee53d469793ad21b
docs/FINAL/fusion_inbox_R6/README/README_VALIDATION_PACK_MVP_QAIC_0.6.2_REAL_FUSION_REPAIR.md,README_VALIDATION_PACK_MVP_QAIC_0.6.2_REAL_FUSION_REPAIR.md,file,1293,34,1965d2f06d0768ec3679342b010b58dc9a7a5431a0b8eb3291693a3bb697e467
docs/FINAL/fusion_inbox_R6/README/🧠 SYNTHESE_MVP_QAIC_PROJECT_CONTEXT_0.6.2_REAL_FUSION_REPAIR.md,🧠 SYNTHESE_MVP_QAIC_PROJECT_CONTEXT_0.6.2_REAL_FUSION_REPAIR.md,file,1079,23,1fd6fe5729c49333cb081f4aacde63581d151954e97e4707a46454e94dcb7863
docs/FINAL/fusion_inbox_R6/RUNBOOK,RUNBOOK,dir,,,
docs/FINAL/fusion_inbox_R6/RUNBOOK/CHAT_DEV_RULES_073,CHAT_DEV_RULES_073,dir,,,
docs/FINAL/fusion_inbox_R6/RUNBOOK/CHAT_DEV_RULES_073/RUNBOOK_CHAT_DEV_DELIVERY_RULES_0.7.3.md,RUNBOOK_CHAT_DEV_DELIVERY_RULES_0.7.3.md,file,1245,64,44b2d9fdec4ea81848e07421d45d03d7e5b4e98182c00755468e712e9a7e30f2
docs/FINAL/fusion_inbox_R6/RUNBOOK/COMPARATIF_MVP_QAIC_CLASP_VS_QAIC_V25_0.1.1.md,COMPARATIF_MVP_QAIC_CLASP_VS_QAIC_V25_0.1.1.md,file,1529,30,ed1160260f7c45659b7a05b63af6c44231b52972c139f4ef246cdebf9c1bb00c
docs/FINAL/fusion_inbox_R6/RUNBOOK/README_MVP_QAIC_P2B_GEM_ADAPTIVE_PROMPT_LOOP_0.7.0.md,README_MVP_QAIC_P2B_GEM_ADAPTIVE_PROMPT_LOOP_0.7.0.md,file,1527,55,dc5a72d3ad26067868685d9358d554ea4817e5e5591a297e0f2268a80f724deb
docs/FINAL/fusion_inbox_R6/RUNBOOK/README_RUNBOOK_PLACEHOLDER.md,README_RUNBOOK_PLACEHOLDER.md,file,80,4,013b1c63e3c99aa1af988ab65c223c75b9b387aff9b5df0c11619975e2f4c31f
docs/FINAL/fusion_inbox_R6/RUNBOOK/RUNBOOK_MVP_QAIC_CLASP_GIT_EXPORT_0.1.1.md,RUNBOOK_MVP_QAIC_CLASP_GIT_EXPORT_0.1.1.md,file,1145,38,259b2831196fa8d45ee799dc7400232a2c18d50516b9319e7994c939ac9ec78e
docs/FINAL/fusion_inbox_R6/RUNBOOK/RUNBOOK_MVP_QAIC_CLASP_GIT_EXPORT_0.1.3.md,RUNBOOK_MVP_QAIC_CLASP_GIT_EXPORT_0.1.3.md,file,2605,85,ba231c74ebca7118658ec3f281eb76e7196e05b9e07650fa54ba45698e3e4d7d
docs/FINAL/fusion_inbox_R6/RUNBOOK/RUNBOOK_MVP_QAIC_CLASP_GIT_EXPORT_0.1.4.md,RUNBOOK_MVP_QAIC_CLASP_GIT_EXPORT_0.1.4.md,file,2605,85,c0565a3c057e7f65de5a1d2d18c4a84cb38b393dcc152e2694e36f36ab6cf442
docs/FINAL/fusion_inbox_R6/RUNBOOK/RUNBOOK_MVP_QAIC_CLASP_GIT_EXPORT_0.1.5.md,RUNBOOK_MVP_QAIC_CLASP_GIT_EXPORT_0.1.5.md,file,818,17,34bfd2ee045ad70faa978ac6ca4aa8715e6a40f899293cbac0d3cf900d6a4822
docs/FINAL/fusion_inbox_R6/RUNBOOK/RUNBOOK_MVP_QAIC_P1_PROMPT_QUALITY_CORE_FUSION_0.5.0.md,RUNBOOK_MVP_QAIC_P1_PROMPT_QUALITY_CORE_FUSION_0.5.0.md,file,3323,191,51f75adf8595914f00a6e7c6ef515ce09cd38be6656106d2b9accbf054ffe896
docs/FINAL/fusion_inbox_R6/RUNBOOK/RUNBOOK_MVP_QAIC_P1G_PROMPT_LIBRARY_CONTRACT_0.6.0.md,RUNBOOK_MVP_QAIC_P1G_PROMPT_LIBRARY_CONTRACT_0.6.0.md,file,2167,102,52b08e56f04c2dc485696ec004816099329d3744b8ada85dbd53f089afa00aaa
docs/FINAL/fusion_inbox_R6/RUNBOOK/RUNBOOK_MVP_QAIC_P1I_SHEET_INVENTORY_CROSS_AUDIT_0.7.0.md,RUNBOOK_MVP_QAIC_P1I_SHEET_INVENTORY_CROSS_AUDIT_0.7.0.md,file,1280,47,15ace67c454661cb9a6f0a4adcda20747587124416a7b1529e0824236446373d
docs/FINAL/fusion_inbox_R6/RUNBOOK/RUNBOOK_MVP_QAIC_P2A_FINAL_LEXIQUE_MASTER_SEARCH_0.9.0.md,RUNBOOK_MVP_QAIC_P2A_FINAL_LEXIQUE_MASTER_SEARCH_0.9.0.md,file,856,36,e6c9684e08a86a79333f827ec0d7ccda3aab957265e66a3afe51126bd293c012
docs/FINAL/fusion_inbox_R6/RUNBOOK/RUNBOOK_MVP_QAIC_P2A_LEXIQUE_METHODS_SIGNALS_CORE_0.8.0.md,RUNBOOK_MVP_QAIC_P2A_LEXIQUE_METHODS_SIGNALS_CORE_0.8.0.md,file,1127,47,33258a5d70623322437acf2e6bdced5adfd2f5e14eef20a1fd38720e26d30571
docs/FINAL/fusion_inbox_R6/RUNBOOK/RUNBOOK_MVP_QAIC_P2A_LEXIQUE_METHODS_SIGNALS_CORE_0.8.1.md,RUNBOOK_MVP_QAIC_P2A_LEXIQUE_METHODS_SIGNALS_CORE_0.8.1.md,file,517,11,1f28da7248d8a3718fc88d760533e2e53c1554b9447114b2ad7c01832a92d71f
docs/FINAL/fusion_inbox_R6/RUNBOOK/RUNBOOK_MVP_QAIC_P2G_PROMPT_RUNTIME_CATALOG_SYNC_0.9.0.md,RUNBOOK_MVP_QAIC_P2G_PROMPT_RUNTIME_CATALOG_SYNC_0.9.0.md,file,3182,143,6bb7f2743afe840d2343967e1f789ece2026e4bcbc24dff0a64e2ffba70056b9
docs/FINAL/fusion_inbox_R6/RUNBOOK/RUNBOOK_MVP_QAIC_P2G_PROMPT_RUNTIME_CATALOG_SYNC_FUSED_0.9.1.md,RUNBOOK_MVP_QAIC_P2G_PROMPT_RUNTIME_CATALOG_SYNC_FUSED_0.9.1.md,file,1729,87,1df9c11e75bc4a72df7f681e348251e03c486d0dc51dd7d251f6c3dd8467ae1c
docs/FINAL/fusion_inbox_R6/RUNBOOK/RUNBOOK_MVP_QAIC_P2H_PROMPT_TEMPLATE_TO_COPY_0.9.2.md,RUNBOOK_MVP_QAIC_P2H_PROMPT_TEMPLATE_TO_COPY_0.9.2.md,file,1396,79,7adf708a27d68cbee6789311f2a4e41d0fb420684ef845fe32893b807aad46be
docs/FINAL/fusion_inbox_R6/RUNBOOK/RUNBOOK_MVP_QAIC_P2R_1.0.8.md,RUNBOOK_MVP_QAIC_P2R_1.0.8.md,file,1465,63,dd84de09ffd8bbcf28294f8a5606273cbac3c0757f4407158987c870d839172b
docs/FINAL/fusion_inbox_R6/RUNBOOK/RUNBOOK_MVP_QAIC_P2T_FINAL_CLEAN_UI_BEFORE_REPROCESS_1.1.0_SAFE.md,RUNBOOK_MVP_QAIC_P2T_FINAL_CLEAN_UI_BEFORE_REPROCESS_1.1.0_SAFE.md,file,1556,44,d02e04cbc95278e3bcbc79f6a2c15f9e26fd9a073b9c024cc9c012aa3df018de
docs/FINAL/fusion_inbox_R6/RUNBOOK/RUNBOOK_P2D_PROMPT_LIBRARY_BASELINE_SAFE_0.7.3.md,RUNBOOK_P2D_PROMPT_LIBRARY_BASELINE_SAFE_0.7.3.md,file,1043,44,3fde73e4ab2e33480f9413d9c8eb5e57c26e8b93626bbb42f6cfd8db2260f439
docs/FINAL/fusion_inbox_R6/RUNBOOK/📝 DECISION_JOURNAL_APPEND_RUNBOOK_MVP_QAIC_0.4.2.md,📝 DECISION_JOURNAL_APPEND_RUNBOOK_MVP_QAIC_0.4.2.md,file,2581,110,b91552779295600c3adf1123a7fb32b38fcf13171eb71326c396b21feeeb79e3
docs/FINAL/fusion_inbox_R6/RUNBOOK/📝 P1C_DECISION_JOURNAL_APPEND_SCRIPT_RUNBOOK_0.4.3.md,📝 P1C_DECISION_JOURNAL_APPEND_SCRIPT_RUNBOOK_0.4.3.md,file,1787,100,4e006b7815a19d2deaabe0cd55385d06b2c4546ad17f292b208a7fe1ca3ef9bc
docs/FINAL/fusion_inbox_R6/RUNBOOK/🛠️ RUNBOOK_CORRECTION_U2_VALIDATION_STATUS_P1C_0.4.4.md,🛠️ RUNBOOK_CORRECTION_U2_VALIDATION_STATUS_P1C_0.4.4.md,file,677,40,8e3bd61ea629169588d2e1a990c0e33ba1510826345d965b5a074e55b9fd0657
docs/FINAL/fusion_inbox_R6/RUNBOOK/🧪 FIRST_REAL_GPT_RESPONSE_AUDIT_TEST_RUNBOOK_MVP_QAIC_0.4.1.md,🧪 FIRST_REAL_GPT_RESPONSE_AUDIT_TEST_RUNBOOK_MVP_QAIC_0.4.1.md,file,2597,116,ec14ce39b84eaa0f3e2a32f4fec136ef0d2218640fdd9afa8f88e532307adc3c
docs/FINAL/fusion_inbox_R6/RUNBOOK/🧭 DAILY_USAGE_RUNBOOK_MVP_QAIC_0.4.0.md,🧭 DAILY_USAGE_RUNBOOK_MVP_QAIC_0.4.0.md,file,1257,56,eaaa0425cc1da05d3cf1c47941f88554f1fb58b97b9668afc98555cc910fd4cb
docs/FINAL/fusion_inbox_R6/RUNBOOK/🧭 P1D2_JOURNAL_CORE_CONSOLIDATION_RUNBOOK_0.4.6.md,🧭 P1D2_JOURNAL_CORE_CONSOLIDATION_RUNBOOK_0.4.6.md,file,1417,82,5bb30217eb652e5ff5c77cef7ef30b10e4db01de942d27067aa783d8cba7b4e6
docs/FINAL/fusion_inbox_R6/RUNBOOK/🧭 RUNBOOK_MVP_QAIC_0.3.0.md,🧭 RUNBOOK_MVP_QAIC_0.3.0.md,file,4332,227,0f164b38a944623ab6039790a798385f75bfec57ab1fdbd5d741d789971fc434
docs/FINAL/fusion_inbox_R6/RUNBOOK/🧭 RUNBOOK_MVP_QAIC_0.3.1_FULL_FUSION.md,🧭 RUNBOOK_MVP_QAIC_0.3.1_FULL_FUSION.md,file,4248,218,5da93ffbaef17f1e26c639f380add28e299f6cb2fa01c1c7c366755582b8926a
docs/FINAL/fusion_inbox_R6/RUNBOOK/🧭 RUNBOOK_MVP_QAIC_APPSHEET_MANUAL_BUILD_0.6.2.md,🧭 RUNBOOK_MVP_QAIC_APPSHEET_MANUAL_BUILD_0.6.2.md,file,2295,62,f922193d43c72db097d78b3ce3880aa62353350d66cdad820f5f1cc6d886d28b
docs/FINAL/fusion_inbox_R6/RUNBOOK/🧹 P1D_JOURNAL_CLEANUP_DUPLICATE_GUARD_RUNBOOK_0.4.5.md,🧹 P1D_JOURNAL_CLEANUP_DUPLICATE_GUARD_RUNBOOK_0.4.5.md,file,1782,96,929f98c4cb058735beed804c698b4e2fb2437f28963e5e8363e5b1e9a46b75c4
docs/FINAL/fusion_inbox_R6/SYNTHESE,SYNTHESE,dir,,,
docs/FINAL/fusion_inbox_R6/SYNTHESE/synthese_lexique_mvp_crypto_project_context_0.7.2_REAL_FULL_SOURCE_FUSION.md,synthese_lexique_mvp_crypto_project_context_0.7.2_REAL_FULL_SOURCE_FUSION.md,file,18741,629,85370c38cf743221e6902d7e64f45a613447b1af6f16d6a0e6a408824b5e9521
docs/FINAL/MVP_QAIC_DOCS_FINAL_FUSED.md,MVP_QAIC_DOCS_FINAL_FUSED.md,file,929,40,a29e5bf21e4be318815656ad4e118553a55c7862e38e581e9a9822ac0f0a33ea
docs/FINAL/MVP_QAIC_NOTICE_UTILISATION.css,MVP_QAIC_NOTICE_UTILISATION.css,file,1448,17,2023148588d8a65e8342170c505215121ac4e6fa2df4ba5100e2e762b2976910
docs/FINAL/MVP_QAIC_NOTICE_UTILISATION.html,MVP_QAIC_NOTICE_UTILISATION.html,file,2422,41,c79cb573791fab623e020ec644f6cd7126dfcbe6fa448b6f39c8dea0aafc82ae
docs/FINAL/MVP_QAIC_SHEETS_COCKPIT_BLUEPRINT.csv,MVP_QAIC_SHEETS_COCKPIT_BLUEPRINT.csv,file,6775,24,61b341cefd082b6c7317bf96925e45faa8d1b56501e2466d1e03be159809b4fb
docs/FINAL/MVP_QAIC_SHEETS_COCKPIT_BLUEPRINT.md,MVP_QAIC_SHEETS_COCKPIT_BLUEPRINT.md,file,1747,25,b7dfedb7687a9a9762e8cb19dd5353dc92daf6e60340627702d18f8c219f039e
docs/FINAL/REFERENCE_v0.2.6,REFERENCE_v0.2.6,dir,,,
docs/FINAL/REFERENCE_v0.2.6/MVP_QAIC_CDC_CONTRACT_FINAL_FUSED_v0.2.6.md,MVP_QAIC_CDC_CONTRACT_FINAL_FUSED_v0.2.6.md,file,275687,7392,99b009729b8265f51c19bf4829f319ce270456f0e9f5a6708e33161c81f3cc7f
docs/FINAL/REFERENCE_v0.2.6/MVP_QAIC_INSTRUCTIONS_GOVERNANCE_FINAL_FUSED_v0.2.6.md,MVP_QAIC_INSTRUCTIONS_GOVERNANCE_FINAL_FUSED_v0.2.6.md,file,220795,5630,6b0a1ffe5a30c6b6c77cf4b9bcf93a489aad11bd0c521891b2702e7e64a1c5c5
docs/FINAL/REFERENCE_v0.2.6/MVP_QAIC_LEXIQUE_REFERENCE_FINAL_FUSED_v0.2.6.md,MVP_QAIC_LEXIQUE_REFERENCE_FINAL_FUSED_v0.2.6.md,file,158153,4932,13bf6961067469c47507b81d0d86e7f40b78ef888c2df1d0c3e3e406c05213a4
docs/FINAL/REFERENCE_v0.2.6/MVP_QAIC_NOTICE_RUNBOOK_FINAL_FUSED_v0.2.6.md,MVP_QAIC_NOTICE_RUNBOOK_FINAL_FUSED_v0.2.6.md,file,174123,5833,fe33373d35d61472786a048ffd6b823e0f3952761a68a2001e3e3bdb2cdafde9
docs/FINAL/REFERENCE_v0.2.6/MVP_QAIC_PROMPT_GEM_WORKFLOW_FINAL_FUSED_v0.2.6.md,MVP_QAIC_PROMPT_GEM_WORKFLOW_FINAL_FUSED_v0.2.6.md,file,37479,1487,52f10594a45af2bbcd9e6d288261f4c7215cdd13b172b4f0582fe15cb920a10d
docs/FINAL/REFERENCE_v0.2.6/MVP_QAIC_WEB_ARCHITECTURE_UI_PROCESS_FINAL_FUSED_v0.2.6.md,MVP_QAIC_WEB_ARCHITECTURE_UI_PROCESS_FINAL_FUSED_v0.2.6.md,file,151690,4727,ae9285eb66c6dc280f5748c560617b548bc1835600940be48081c932b187e62f
docs/FINAL/REFERENCE_v0.2.6/REFERENCE_SOURCES_MANIFEST_v0.2.6.csv,REFERENCE_SOURCES_MANIFEST_v0.2.6.csv,file,22722,109,cbb6db7dc2696f4d1c93045d0f02e69fa05504ae5ad9e3585634ebfac58a29a4
docs/FINAL/REFERENCE_v0.2.6/REFERENCE_v0.2.6_FINAL_SEAL.md,REFERENCE_v0.2.6_FINAL_SEAL.md,file,629,24,e4d194dd31283b39b21d0a0d919e8ce3f85616a75943d8e1caf5812a4cba4605
docs/FINAL/SUPERSEDED_REFERENCE_INDEX.md,SUPERSEDED_REFERENCE_INDEX.md,file,2478,35,a7f91fcee56f67572f3f1c0561acecd435939b290edff67d14d515f0363c6613
docs/FINAL/WEBAPP_ARCHITECTURE_CDC,WEBAPP_ARCHITECTURE_CDC,dir,,,
docs/FINAL/WEBAPP_ARCHITECTURE_CDC/ARCHIVE,ARCHIVE,dir,,,
docs/FINAL/WEBAPP_ARCHITECTURE_CDC/ARCHIVE/BROKEN_SUPERSEDED__CDC_MVP_QAIC_WEBAPP_ARCHITECTURE_SCHEMA_PRO_v0_1_2.svg,BROKEN_SUPERSEDED__CDC_MVP_QAIC_WEBAPP_ARCHITECTURE_SCHEMA_PRO_v0_1_2.svg,file,7551,52,b09814b10af94918b7e8f65f08a0a45618264207e27f9563a3bfca974b3b557c
docs/FINAL/WEBAPP_ARCHITECTURE_CDC/ARCHIVE/desktop.ini,desktop.ini,file,246,7,b9629f88fcf26d1acc8c27e7118ed9b0ae9cb56c6294dcac7aacb0532aa200c0
docs/FINAL/WEBAPP_ARCHITECTURE_CDC/ARCHIVE/v0_1_0_SUPERSEDED,v0_1_0_SUPERSEDED,dir,,,
docs/FINAL/WEBAPP_ARCHITECTURE_CDC/ARCHIVE/v0_1_1_SUPERSEDED,v0_1_1_SUPERSEDED,dir,,,
docs/FINAL/WEBAPP_ARCHITECTURE_CDC/CURRENT,CURRENT,dir,,,
docs/FINAL/WEBAPP_ARCHITECTURE_CDC/CURRENT.zip,CURRENT.zip,file,1526650,11210,223f47c2607aa4ad4cb79925db4f3e0034067aa1fe5c17e3d7f13e6c2c5c98ec
docs/FINAL/WEBAPP_ARCHITECTURE_CDC/CURRENT/CDC_MVP_QAIC_WEBAPP_ARCHITECTURE_QAIC_LIAISON_v0_1_2.md,CDC_MVP_QAIC_WEBAPP_ARCHITECTURE_QAIC_LIAISON_v0_1_2.md,file,8217,283,e3bb496d7c4bd0c0878eb16d88af45f1067ac628be1e9bd3a2b86dc7cccee0a3
docs/FINAL/WEBAPP_ARCHITECTURE_CDC/CURRENT/CDC_MVP_QAIC_WEBAPP_ARCHITECTURE_SCHEMA_PRO_v0_1_2.png,CDC_MVP_QAIC_WEBAPP_ARCHITECTURE_SCHEMA_PRO_v0_1_2.png,file,813132,5172,efa30bf44928e62a36008dfbcfb40cb4c0587b68729505e666774edb02506c99
docs/FINAL/WEBAPP_ARCHITECTURE_CDC/CURRENT/CDC_MVP_QAIC_WEBAPP_ARCHITECTURE_SCHEMA_PRO_v0_1_2.svg,CDC_MVP_QAIC_WEBAPP_ARCHITECTURE_SCHEMA_PRO_v0_1_2.svg,file,7559,52,c9d7b57e88d368b00f7660654835626aa1e23dde5c8d7f7c6887d4445dc94064
docs/FINAL/WEBAPP_ARCHITECTURE_CDC/CURRENT/CDC_MVP_QAIC_WEBAPP_ARCHITECTURE_SVG_REPAIR_VERIFY_v0_1_2.json,CDC_MVP_QAIC_WEBAPP_ARCHITECTURE_SVG_REPAIR_VERIFY_v0_1_2.json,file,447,9,649884859f052dd5c2458b3aab9b7f84b5322c39ba5e28f07f9d4122fd4ac274
docs/FINAL/WEBAPP_ARCHITECTURE_CDC/CURRENT/CDC_MVP_QAIC_WEBAPP_ARCHITECTURE_VERIFY_v0_1_2.json,CDC_MVP_QAIC_WEBAPP_ARCHITECTURE_VERIFY_v0_1_2.json,file,553,16,ef91b2917d791378a3a0b50bf42cf35478cd87a80e086dbe112a50822da4b633
docs/FINAL/WEBAPP_ARCHITECTURE_CDC/CURRENT/desktop.ini,desktop.ini,file,246,7,b9629f88fcf26d1acc8c27e7118ed9b0ae9cb56c6294dcac7aacb0532aa200c0
docs/FINAL/WEBAPP_ARCHITECTURE_CDC/CURRENT/MVP_QAIC_WEBAPP_ARCHITECTURE_CDC_v0_1_2_PRO_PACK_REPAIRED.zip,MVP_QAIC_WEBAPP_ARCHITECTURE_CDC_v0_1_2_PRO_PACK_REPAIRED.zip,file,763148,5519,b3e0598fe66fc6ecad63628f57dc06ecca21dc7aa98ad9c1afc11110f5676379
docs/FINAL/WEBAPP_ARCHITECTURE_CDC/CURRENT/README.md,README.md,file,407,14,ffcb5de6c1927b29edbd8526cc6bcb4841c5d6c3e79ce4406609036822741c09
docs/FINAL/WEBAPP_ARCHITECTURE_CDC/desktop.ini,desktop.ini,file,246,7,b9629f88fcf26d1acc8c27e7118ed9b0ae9cb56c6294dcac7aacb0532aa200c0
docs/FINAL/WEBAPP_ARCHITECTURE_CDC/README.md,README.md,file,435,13,0c2bdddbc0478b2586e76837ffd994250ea5d5002fd156e637ddaf9c71223d00
docs/FINAL/🎨 MVP_QAIC_UI_UX_STITCH_FINAL_FUSED_v0.2.2.md,🎨 MVP_QAIC_UI_UX_STITCH_FINAL_FUSED_v0.2.2.md,file,143997,1993,98e795bc8723e892f97de60f85d58df85925988da4b071f69f764f8254ed3a3e
docs/FINAL/💎 MVP_QAIC_PROMPT_GEM_WORKFLOW_FINAL_FUSED_v0.2.2.md,💎 MVP_QAIC_PROMPT_GEM_WORKFLOW_FINAL_FUSED_v0.2.2.md,file,101653,2872,f5ed862204531ec190d1adf747ef8b7a11a67751abbac4d696ed0dcdda106fe1
docs/FINAL/📊 MVP_QAIC_SHEETS_COCKPITS_FINAL_FUSED_v0.2.2.md,📊 MVP_QAIC_SHEETS_COCKPITS_FINAL_FUSED_v0.2.2.md,file,124640,1823,d7db8f3378fb1ce267041f5e41a3866c7ed02fd144d5327e8816750b5691f10b
docs/FINAL/📘 MVP_QAIC_CDC_CONTRACT_FINAL_FUSED_v0.2.3.md,📘 MVP_QAIC_CDC_CONTRACT_FINAL_FUSED_v0.2.3.md,file,115151,2203,b3896dc293afd49c0b5719a4b58040c953aaa2d6d735b6a3ce479f96c4ddab56
docs/FINAL/🗺️ MVP_QAIC_ROADMAP_PLANNING_FINAL_FUSED_v0.2.2.md,🗺️ MVP_QAIC_ROADMAP_PLANNING_FINAL_FUSED_v0.2.2.md,file,99384,1929,3273d14aded9ebd54de9b8318f8101af3568128d67fdeb8067be13bbdb346956
docs/FINAL/🚀 MVP_QAIC_NOTICE_DOCUMENTAIRE_FINALE_v0.3.0.md,🚀 MVP_QAIC_NOTICE_DOCUMENTAIRE_FINALE_v0.3.0.md,file,1163,33,95bd9d78723743736cdd387ff280fb96a331f7fc1d33d981f1dee4ce5de6841a
docs/FINAL/🚀 MVP_QAIC_NOTICE_INTERFACE_DOCS_BINDING_v0.5.0.md,🚀 MVP_QAIC_NOTICE_INTERFACE_DOCS_BINDING_v0.5.0.md,file,1548,28,7ae25b4ac0a3ffcd1ae4b8974388b6e2599fe9133e11ae4cf8cdab6bba49596a
docs/FINAL/🚀 MVP_QAIC_NOTICE_RUNBOOK_FINAL_FUSED_v0.2.3.md,🚀 MVP_QAIC_NOTICE_RUNBOOK_FINAL_FUSED_v0.2.3.md,file,98516,2970,6ee66e2a5995d134dc35126d16d7beb3655b2026b860850d14544d6e9c0d8cdf
docs/FINAL/🧊 MVP_QAIC_P203B4A_ARCHIVE_AUTHORIZATION_REVIEW_v0.4.0.md,🧊 MVP_QAIC_P203B4A_ARCHIVE_AUTHORIZATION_REVIEW_v0.4.0.md,file,18204,148,d6fa975d7b4e1f8a30db9d0271cb0c2bd825aac89d9546012429fdbe33d84afe
docs/FINAL/🧭 MVP_QAIC_INSTRUCTIONS_GOVERNANCE_FINAL_FUSED_v0.2.5.md,🧭 MVP_QAIC_INSTRUCTIONS_GOVERNANCE_FINAL_FUSED_v0.2.5.md,file,104514,2117,09d393441999596f4e518764a8af1864fb99a1bbbd64ffd5ab8ba19482de4569
docs/FINAL/🧱 MVP_QAIC_ARCHITECTURE_MIGRATION_FINAL_FUSED_v0.2.2.md,🧱 MVP_QAIC_ARCHITECTURE_MIGRATION_FINAL_FUSED_v0.2.2.md,file,112822,2156,640d1a7fdd7610cf1aa18f9031654ed9736b9a62a5ba4ea56281b31ceff75da2
docs/FINAL/🧾 MVP_QAIC_FINAL_DOCS_INDEX_v0.2.2.md,🧾 MVP_QAIC_FINAL_DOCS_INDEX_v0.2.2.md,file,1191,23,bcde1adeed8f71405e7c1ab921f12a8e0c38a57434e7d641b73d8ac597e641dc
docs/FINAL/🧾 MVP_QAIC_FINAL_REFERENCE_INDEX_v0.3.0.md,🧾 MVP_QAIC_FINAL_REFERENCE_INDEX_v0.3.0.md,file,2581,57,26fb9fef1fff2b402783db9249035cffd6a9ab4aeb4943b9be82bd42c68b6652
