"item_id","theme","relative_path","reason","integrated_in_final","archive_allowed"
"ITEM-000056","CDC_CONTRACT","05_EXPORTS\P59A4_PY_LIVE_SHEETS_API_DECISION_AND_CONTRACT_20260620\P59A4_PY_LIVE_SHEETS_API_DECISION_AND_CONTRACT.zip","ZIP_REQUIRES_SEPARATE_INSPECTION","FALSE","NO"
"ITEM-000771","CDC_CONTRACT","06_REPORTS\MVP_QAIC_P078C_P2_DATA_CONTRACTS_ROBUST_REBUILD_READONLY_20260620_190958.zip","ZIP_REQUIRES_SEPARATE_INSPECTION","FALSE","NO"
"ITEM-000773","CDC_CONTRACT","06_REPORTS\MVP_QAIC_P079_P2B_CONTRACT_FIELD_SELECTION_REVIEW_20260620_192723.zip","ZIP_REQUIRES_SEPARATE_INSPECTION","FALSE","NO"
"ITEM-001486","CDC_CONTRACT","01_DOCS\VALIDATION\P7C_APP_SCHEMA_CONTRACT_NO_APPLY_MAXI_20260616-131902.zip","ZIP_REQUIRES_SEPARATE_INSPECTION","FALSE","NO"
"ITEM-001490","CDC_CONTRACT","01_DOCS\VALIDATION\P8B_REVOLUT_X_QAIC_CONTRACT_PACK_NO_APPLY_20260616-152747.zip","ZIP_REQUIRES_SEPARATE_INSPECTION","FALSE","NO"
"ITEM-002949","CDC_CONTRACT","02_BUILD\LEXIQUE_READER_MVP\05_RELEASE\P24D_20260618_000512_FINAL_PRODUCT_V3_CONTRACT_BASELINE.zip","ZIP_REQUIRES_SEPARATE_INSPECTION","FALSE","NO"
"ITEM-003020","CDC_CONTRACT","02_BUILD\LEXIQUE_READER_MVP\05_RELEASE\P24D_20260618_000512\P24D_20260618_000512_FINAL_PRODUCT_V3_CONTRACT_BASELINE.zip","ZIP_REQUIRES_SEPARATE_INSPECTION","FALSE","NO"
"ITEM-003049","CDC_CONTRACT","02_BUILD\LEXIQUE_READER_MVP\08_PUBLICATION\P24D_20260618_000512_FINAL_PRODUCT_V3_CONTRACT_PUBLICATION_PACK_LOCAL_ONLY.zip","ZIP_REQUIRES_SEPARATE_INSPECTION","FALSE","NO"
"ITEM-003116","CDC_CONTRACT","02_BUILD\LEXIQUE_READER_MVP\08_PUBLICATION\P24D_20260618_000512\files\P24D_20260618_000512_FINAL_PRODUCT_V3_CONTRACT_BASELINE.zip","ZIP_REQUIRES_SEPARATE_INSPECTION","FALSE","NO"
"ITEM-003133","CDC_CONTRACT","02_BUILD\LEXIQUE_READER_MVP\08_PUBLICATION\P25A_20260618_002252\files\P24D_20260618_000512_FINAL_PRODUCT_V3_CONTRACT_BASELINE.zip","ZIP_REQUIRES_SEPARATE_INSPECTION","FALSE","NO"
"ITEM-004855","CDC_CONTRACT","03_EXPORTS\P50D_OUTPUT_CONTRACT_20260619_234723\P50D_PROMPT_OUTPUT_CONTRACT_REVIEW_20260619_234723.zip","ZIP_REQUIRES_SEPARATE_INSPECTION","FALSE","NO"
"ITEM-004958","CDC_CONTRACT","03_EXPORTS\P50F_HUMAN_REVIEW_PACK_20260619_235854\P50F_HUMAN_REVIEW_PACK_PROMPT_CONTRACTS_20260619_235854.zip","ZIP_REQUIRES_SEPARATE_INSPECTION","FALSE","NO"
"ITEM-005185","CDC_CONTRACT","03_EXPORTS\P51A_PROMPT_REVIEW_DECISION_20260620_004239\P51A_PROMPT_CONTRACT_HUMAN_REVIEW_DECISION_PACK_20260620_004239.zip","ZIP_REQUIRES_SEPARATE_INSPECTION","FALSE","NO"
"ITEM-005222","CDC_CONTRACT","03_EXPORTS\P51A2_AUTOFILL_DECISIONS_20260620_005747\P51A2_AUTOFILL_PROMPT_CONTRACT_DECISIONS_20260620_005747.zip","ZIP_REQUIRES_SEPARATE_INSPECTION","FALSE","NO"
"ITEM-005248","CDC_CONTRACT","03_EXPORTS\P51B_VALIDATE_DECISIONS_20260620_011301\P51B_VALIDATE_FILLED_PROMPT_CONTRACT_DECISIONS_20260620_011301.zip","ZIP_REQUIRES_SEPARATE_INSPECTION","FALSE","NO"
"ITEM-005397","CDC_CONTRACT","03_EXPORTS\P51E_SCRIPT_PATCH_SPEC_PACK_20260620_014912\P51E_SCRIPT_PATCH_SPEC_PACK_20260620_014912.zip","ZIP_REQUIRES_SEPARATE_INSPECTION","FALSE","NO"
"ITEM-005441","CDC_CONTRACT","03_EXPORTS\P51F_VALIDATE_SCRIPT_PATCH_SPEC_20260620_015531\P51F_VALIDATE_SCRIPT_PATCH_SPEC_PACK_20260620_015531.zip","ZIP_REQUIRES_SEPARATE_INSPECTION","FALSE","NO"
"ITEM-005495","CDC_CONTRACT","03_EXPORTS\P51F2_REPAIR_VALIDATE_SPEC_20260620_020405\P51F2_REPAIR_VALIDATE_SCRIPT_PATCH_SPEC_PACK_20260620_020405.zip","ZIP_REQUIRES_SEPARATE_INSPECTION","FALSE","NO"
"ITEM-007960","CDC_CONTRACT","P27A2A_UX_LOCK_CONTRACT_20260618\01_ZIP_RELEASE\MVP_QAIC_P27A2A_UX_LOCK_CONTRACT_PACK.zip","ZIP_REQUIRES_SEPARATE_INSPECTION","FALSE","NO"
"ITEM-002789","INSTRUCTIONS_GOVERNANCE","02_DELIVERABLES_ZIP\REFERENCE_DOCS_REAL_FULL_SOURCE_FUSION_0.7.2_20260620\ZIP\MVP_QAIC_INSTRUCTIONS_REAL_FULL_SOURCE_FUSION_PROCESS_SAFE_0.7.3_20260620-095223.zip","ZIP_REQUIRES_SEPARATE_INSPECTION","FALSE","NO"
"ITEM-002792","INSTRUCTIONS_GOVERNANCE","02_DELIVERABLES_ZIP\REFERENCE_DOCS_REAL_FULL_SOURCE_FUSION_0.7.2_20260620\PACK073\MVP_QAIC_PROCESS_GOVERNANCE_073.zip","ZIP_REQUIRES_SEPARATE_INSPECTION","FALSE","NO"
"ITEM-001491","PLANNING_ROADMAP","01_DOCS\VALIDATION\P8C_REVOLUT_X_SKELETON_PLAN_NO_APPLY_20260616-153551.zip","ZIP_REQUIRES_SEPARATE_INSPECTION","FALSE","NO"
"ITEM-001542","PLANNING_ROADMAP","01_DOCS\VALIDATION\P12J_EXP_PLAN_20260617-013209.zip","ZIP_REQUIRES_SEPARATE_INSPECTION","FALSE","NO"
"ITEM-002420","PLANNING_ROADMAP","01_DOCS\VALIDATION\P26R_20260618_105204\P26R_20260618_105204_AUDIT_RESET_UX_REBUILD_PLAN_LOCAL_ONLY.zip","ZIP_REQUIRES_SEPARATE_INSPECTION","FALSE","NO"
"ITEM-002429","PLANNING_ROADMAP","01_DOCS\VALIDATION\P26R2_20260618_105728\P26R2_20260618_105728_AUDIT_RESET_UX_REBUILD_PLAN_LOCAL_ONLY.zip","ZIP_REQUIRES_SEPARATE_INSPECTION","FALSE","NO"
"ITEM-002539","PLANNING_ROADMAP","03_APPS_SCRIPT\ZIP\MVP_QAIC_P0B5_TRADE_PLAN_METHODS_TRAILING_LOGIC_0.2.9.zip","ZIP_REQUIRES_SEPARATE_INSPECTION","FALSE","NO"
"ITEM-003322","PLANNING_ROADMAP","02_BUILD\LEXIQUE_READER_MVP\10_HANDOFF\P26R2_20260618_105728\P26R2_20260618_105728_AUDIT_RESET_UX_REBUILD_PLAN_LOCAL_ONLY.zip","ZIP_REQUIRES_SEPARATE_INSPECTION","FALSE","NO"
"ITEM-003368","PLANNING_ROADMAP","02_BUILD\LEXIQUE_READER_MVP\12_PRODUCT_AUDIT\P26R2_20260618_105728\P26R2_20260618_105728_AUDIT_RESET_UX_REBUILD_PLAN_LOCAL_ONLY.zip","ZIP_REQUIRES_SEPARATE_INSPECTION","FALSE","NO"
"ITEM-004086","PLANNING_ROADMAP","03_EXPORTS\P081B_DOCS_FINAL_FUSION_REPAIR_PLAN_READONLY_20260621_133941.zip","ZIP_REQUIRES_SEPARATE_INSPECTION","FALSE","NO"
"ITEM-005556","PLANNING_ROADMAP","03_EXPORTS\P51G_DRY_RUN_GENERATION_PLAN_20260620_021301\P51G_SCRIPT_PATCH_DRY_RUN_GENERATION_PLAN_20260620_021301.zip","ZIP_REQUIRES_SEPARATE_INSPECTION","FALSE","NO"
"ITEM-005622","PLANNING_ROADMAP","03_EXPORTS\P51G2_REPAIR_DRY_RUN_PLAN_20260620_021934\P51G2_REPAIR_DRY_RUN_GENERATION_PLAN_20260620_021934.zip","ZIP_REQUIRES_SEPARATE_INSPECTION","FALSE","NO"
"ITEM-006810","PLANNING_ROADMAP","03_EXPORTS\P52B_PATCH_PLANNING_PACK_20260620_101714\P52B_PLANS_ONLY_20260620_101714.zip","ZIP_REQUIRES_SEPARATE_INSPECTION","FALSE","NO"
"ITEM-006812","PLANNING_ROADMAP","03_EXPORTS\P52B_PATCH_PLANNING_PACK_20260620_101714\P52B_FULL_EVIDENCE_20260620_101714.zip","ZIP_REQUIRES_SEPARATE_INSPECTION","FALSE","NO"
"ITEM-001484","ARCHITECTURE_MIGRATION","01_DOCS\VALIDATION\P7B_APP_ARCHITECTURE_BLUEPRINT_MAXI_20260616-131045.zip","ZIP_REQUIRES_SEPARATE_INSPECTION","FALSE","NO"
"ITEM-001485","ARCHITECTURE_MIGRATION","01_DOCS\VALIDATION\P7B_APP_ARCHITECTURE_BLUEPRINT_MAXI_20260616-131312.zip","ZIP_REQUIRES_SEPARATE_INSPECTION","FALSE","NO"
"ITEM-002527","ARCHITECTURE_MIGRATION","03_APPS_SCRIPT\BACKUPS\MVPQAIC_APPS_SCRIPT_PULL_FRESH_RUN-20260611-232800.zip","ZIP_REQUIRES_SEPARATE_INSPECTION","FALSE","NO"
"ITEM-002528","ARCHITECTURE_MIGRATION","03_APPS_SCRIPT\BACKUPS\MVPQAIC_APPS_SCRIPT_PULL_FRESH_RUN-20260612-023349.zip","ZIP_REQUIRES_SEPARATE_INSPECTION","FALSE","NO"
"ITEM-002529","ARCHITECTURE_MIGRATION","03_APPS_SCRIPT\BACKUPS\MVPQAIC_APPS_SCRIPT_PULL_FRESH_RUN-20260612-044820.zip","ZIP_REQUIRES_SEPARATE_INSPECTION","FALSE","NO"
"ITEM-002530","ARCHITECTURE_MIGRATION","03_APPS_SCRIPT\BACKUPS\MVPQAIC_APPS_SCRIPT_PULL_FRESH_RUN-20260612-142520.zip","ZIP_REQUIRES_SEPARATE_INSPECTION","FALSE","NO"
"ITEM-002531","ARCHITECTURE_MIGRATION","03_APPS_SCRIPT\BACKUPS\MVPQAIC_APPS_SCRIPT_PULL_FRESH_RUN-20260615-003119.zip","ZIP_REQUIRES_SEPARATE_INSPECTION","FALSE","NO"
"ITEM-002532","ARCHITECTURE_MIGRATION","03_APPS_SCRIPT\BACKUPS\MVPQAIC_APPS_SCRIPT_PULL_FRESH_RUN-20260615-143116.zip","ZIP_REQUIRES_SEPARATE_INSPECTION","FALSE","NO"
"ITEM-002533","ARCHITECTURE_MIGRATION","03_APPS_SCRIPT\BACKUPS\MVPQAIC_APPS_SCRIPT_PULL_FRESH_RUN-20260618-161928_SEALED.zip","ZIP_REQUIRES_SEPARATE_INSPECTION","FALSE","NO"
"ITEM-002536","ARCHITECTURE_MIGRATION","03_APPS_SCRIPT\ZIP\MVP_QAIC_KB_EXPANSION_P0B2_0.2.3.zip","ZIP_REQUIRES_SEPARATE_INSPECTION","FALSE","NO"
"ITEM-002537","ARCHITECTURE_MIGRATION","03_APPS_SCRIPT\ZIP\MVP_QAIC_P0B3_INSTITUTIONAL_READINESS_0.2.5.zip","ZIP_REQUIRES_SEPARATE_INSPECTION","FALSE","NO"
"ITEM-002538","ARCHITECTURE_MIGRATION","03_APPS_SCRIPT\ZIP\MVP_QAIC_P0B4_GPT_REVOLUTX_READONLY_BRIDGE_0.2.6.zip","ZIP_REQUIRES_SEPARATE_INSPECTION","FALSE","NO"
"ITEM-002969","ARCHITECTURE_MIGRATION","02_BUILD\LEXIQUE_READER_MVP\05_RELEASE\P27D3_20260618_154928_APPS_SCRIPT_STATIC_WEBAPP_READINESS_PACK.zip","ZIP_REQUIRES_SEPARATE_INSPECTION","FALSE","NO"
"ITEM-002970","ARCHITECTURE_MIGRATION","02_BUILD\LEXIQUE_READER_MVP\05_RELEASE\P27D4_20260618_155359_STITCH_REVIEW_MANUAL_APPS_SCRIPT_PACK.zip","ZIP_REQUIRES_SEPARATE_INSPECTION","FALSE","NO"
"ITEM-002971","ARCHITECTURE_MIGRATION","02_BUILD\LEXIQUE_READER_MVP\05_RELEASE\P27D5_20260618_160036_PRIVATE_APPS_SCRIPT_DEPLOY_PACK.zip","ZIP_REQUIRES_SEPARATE_INSPECTION","FALSE","NO"
"ITEM-002973","ARCHITECTURE_MIGRATION","02_BUILD\LEXIQUE_READER_MVP\05_RELEASE\P27D6C_20260618_165806_MANUAL_APPS_SCRIPT_INTEGRATION_PACK_ONLY.zip","ZIP_REQUIRES_SEPARATE_INSPECTION","FALSE","NO"
"ITEM-003218","ARCHITECTURE_MIGRATION","02_BUILD\LEXIQUE_READER_MVP\10_HANDOFF\P22H_20260617_182426\P22H_20260617_182426_APPS_SCRIPT_WRAPPER_SOURCE_ONLY.zip","ZIP_REQUIRES_SEPARATE_INSPECTION","FALSE","NO"
"ITEM-003323","ARCHITECTURE_MIGRATION","02_BUILD\LEXIQUE_READER_MVP\11_APPS_SCRIPT_WEBAPP_WRAPPER\P22H_20260617_182426_APPS_SCRIPT_WRAPPER_SOURCE_ONLY.zip","ZIP_REQUIRES_SEPARATE_INSPECTION","FALSE","NO"
"ITEM-003324","ARCHITECTURE_MIGRATION","02_BUILD\LEXIQUE_READER_MVP\11_APPS_SCRIPT_WEBAPP_WRAPPER\P25A_20260618_002252_APPS_SCRIPT_WRAPPER_SOURCE_ONLY.zip","ZIP_REQUIRES_SEPARATE_INSPECTION","FALSE","NO"
"ITEM-003325","ARCHITECTURE_MIGRATION","02_BUILD\LEXIQUE_READER_MVP\11_APPS_SCRIPT_WEBAPP_WRAPPER\P25A2_P26A_20260618_002812_WRAPPER_SOURCE_ONLY.zip","ZIP_REQUIRES_SEPARATE_INSPECTION","FALSE","NO"
"ITEM-004903","ARCHITECTURE_MIGRATION","03_EXPORTS\P50E_LEXIQUE_REQ_MAPPING_20260619_235529\P50E_LEXIQUE_PROMPT_REQUIREMENTS_MAPPING_20260619_235529.zip","ZIP_REQUIRES_SEPARATE_INSPECTION","FALSE","NO"
"ITEM-004772","PROMPT_GEM_WORKFLOW","03_EXPORTS\P50B_PROMPT_BACKLOG_20260619_233558\P50B_PROMPT_BACKLOG_REVIEW_20260619_233558.zip","ZIP_REQUIRES_SEPARATE_INSPECTION","FALSE","NO"
"ITEM-004812","PROMPT_GEM_WORKFLOW","03_EXPORTS\P50C_PROMPT_ALIGNMENT_20260619_234032\P50C_PROMPT_ALIGNMENT_WORKBENCH_20260619_234032.zip","ZIP_REQUIRES_SEPARATE_INSPECTION","FALSE","NO"
"ITEM-000057","SHEETS_COCKPITS","05_EXPORTS\P59B_PY_AI_IDENTIFY_AND_FILL_BENCHMARK_CANDIDATES_WITH_WEB_CITATIONS_20260620\P59B_PY_AI_IDENTIFY_AND_FILL_BENCHMARK_CANDIDATES_WITH_WEB_CITATIONS.zip","ZIP_REQUIRES_SEPARATE_INSPECTION","FALSE","NO"
"ITEM-000058","SHEETS_COCKPITS","05_EXPORTS\P59B2_URGENT_SIMPLIFIED_ONE_TAB_AND_VIPALGOS_FIX_20260620\P59B2_URGENT_SIMPLIFIED_ONE_TAB_AND_VIPALGOS_FIX.zip","ZIP_REQUIRES_SEPARATE_INSPECTION","FALSE","NO"
"ITEM-000073","SHEETS_COCKPITS","05_EXPORTS\P59C_PY_BENCHMARK_ONE_TAB_SHEETS_LIVE_LAYER_DEV_PACK_20260620\P59C_PY_BENCHMARK_ONE_TAB_SHEETS_LIVE_LAYER_DEV_PACK.zip","ZIP_REQUIRES_SEPARATE_INSPECTION","FALSE","NO"
"ITEM-000594","SHEETS_COCKPITS","05_EXPORTS\P150B_LOCAL_PRIVATE_RELEASE_PACK_20260623_132954\P150B_LOCAL_PRIVATE_RELEASE_PACK.zip","ZIP_REQUIRES_SEPARATE_INSPECTION","FALSE","NO"
"ITEM-001500","SHEETS_COCKPITS","01_DOCS\VALIDATION\P9B4_SPREADSHEET_TARGET_ACCESS_DIAGNOSTIC_NO_APPLY_20260616-165002.zip","ZIP_REQUIRES_SEPARATE_INSPECTION","FALSE","NO"
"ITEM-001501","SHEETS_COCKPITS","01_DOCS\VALIDATION\P9B4_SPREADSHEET_TARGET_ACCESS_DIAGNOSTIC_NO_APPLY_20260616-165407.zip","ZIP_REQUIRES_SEPARATE_INSPECTION","FALSE","NO"
"ITEM-001502","SHEETS_COCKPITS","01_DOCS\VALIDATION\P9B4_SPREADSHEET_TARGET_ACCESS_DIAGNOSTIC_NO_APPLY_20260616-165738.zip","ZIP_REQUIRES_SEPARATE_INSPECTION","FALSE","NO"
"ITEM-001503","SHEETS_COCKPITS","01_DOCS\VALIDATION\P9B5_SPREADSHEET_ID_OAUTH_ACCOUNT_FIX_NO_APPLY_20260616-170636.zip","ZIP_REQUIRES_SEPARATE_INSPECTION","FALSE","NO"
"ITEM-001504","SHEETS_COCKPITS","01_DOCS\VALIDATION\P9B5_SPREADSHEET_ID_OAUTH_ACCOUNT_FIX_NO_APPLY_20260616-171023.zip","ZIP_REQUIRES_SEPARATE_INSPECTION","FALSE","NO"
"ITEM-001508","SHEETS_COCKPITS","01_DOCS\VALIDATION\P9B9_SEARCH_DERIVED_SHEET_ACCESS_PROBE_NO_APPLY_20260616-173242.zip","ZIP_REQUIRES_SEPARATE_INSPECTION","FALSE","NO"
"ITEM-001509","SHEETS_COCKPITS","01_DOCS\VALIDATION\P9B10_FIXED_KNOWN_SHEETS_HEADER_READONLY_NO_APPLY_20260616-173629.zip","ZIP_REQUIRES_SEPARATE_INSPECTION","FALSE","NO"
"ITEM-002489","SHEETS_COCKPITS","02_SHEETS\EXPORTS_CSV\RUN-20260620-120040.zip","ZIP_REQUIRES_SEPARATE_INSPECTION","FALSE","NO"
"ITEM-002664","SHEETS_COCKPITS","07_ANTIGRAVITY\OUTPUTS\P0A_KNOWLEDGE_BASE_0.2.2\exports\MVP_QAIC_P0_KNOWLEDGE_BASE_SEED_0.2.2.zip","ZIP_REQUIRES_SEPARATE_INSPECTION","FALSE","NO"
"ITEM-002802","SHEETS_COCKPITS","02_DELIVERABLES_ZIP\ROOT_STRAY_DELIVERABLES_REVIEW_20260620\MVP_QAIC_P41_DYNAMIC_SHEETS_WEBAPP_SYNC_20260618_184511_DEPRECATED_USE_P42.zip","ZIP_REQUIRES_SEPARATE_INSPECTION","FALSE","NO"
"ITEM-004084","SHEETS_COCKPITS","03_EXPORTS\P081A_DOCS_FINAL_FUSION_DEEP_COVERAGE_AUDIT_READONLY_20260621_125731.zip","ZIP_REQUIRES_SEPARATE_INSPECTION","FALSE","NO"
"ITEM-004088","SHEETS_COCKPITS","03_EXPORTS\P081C_DOCS_FUSION_REPAIR_DECISION_WORKBENCH_READONLY_20260621_135616.zip","ZIP_REQUIRES_SEPARATE_INSPECTION","FALSE","NO"
"ITEM-004090","SHEETS_COCKPITS","03_EXPORTS\P081D_DOCS_REPAIR_DECISION_COMPRESSION_READONLY_20260621_140741.zip","ZIP_REQUIRES_SEPARATE_INSPECTION","FALSE","NO"
"ITEM-004092","SHEETS_COCKPITS","03_EXPORTS\P081E_VALIDATE_COMPRESSED_DECISIONS_READONLY_20260621_145654.zip","ZIP_REQUIRES_SEPARATE_INSPECTION","FALSE","NO"
"ITEM-004094","SHEETS_COCKPITS","03_EXPORTS\P081D_FILL_RECOMMENDED_EXECUTIVE_DECISIONS_20260621_152806.zip","ZIP_REQUIRES_SEPARATE_INSPECTION","FALSE","NO"
"ITEM-004096","SHEETS_COCKPITS","03_EXPORTS\P081F_DOCS_REPAIR_DRAFT_READONLY_20260621_161422.zip","ZIP_REQUIRES_SEPARATE_INSPECTION","FALSE","NO"
"ITEM-004556","SHEETS_COCKPITS","03_EXPORTS\P49K3_ZIPSEAL_20260619_222956\P49K3_LOCAL_REFERENCE_ARCHIVE_FINAL_20260619_222956.zip","ZIP_REQUIRES_SEPARATE_INSPECTION","FALSE","NO"
"ITEM-004582","SHEETS_COCKPITS","03_EXPORTS\P49L_CLOSE_20260619_223832\FINAL_P49K3_LOCAL_REFERENCE_ARCHIVE_FINAL_20260619_222956.zip","ZIP_REQUIRES_SEPARATE_INSPECTION","FALSE","NO"
"ITEM-004596","SHEETS_COCKPITS","03_EXPORTS\P49L_CLOSE_20260619_223832\P49L_FINAL_CLOSE_PACK_20260619_223832.zip","ZIP_REQUIRES_SEPARATE_INSPECTION","FALSE","NO"
"ITEM-004599","SHEETS_COCKPITS","03_EXPORTS\P49L_CLOSE_20260619_223832\_ZIP_CONTENT\FINAL_P49K3_LOCAL_REFERENCE_ARCHIVE_FINAL_20260619_222956.zip","ZIP_REQUIRES_SEPARATE_INSPECTION","FALSE","NO"
"ITEM-004613","SHEETS_COCKPITS","03_EXPORTS\P49L2_CLOSE_20260619_224921\FINAL_P49K3_LOCAL_REFERENCE_ARCHIVE_FINAL_20260619_222956.zip","ZIP_REQUIRES_SEPARATE_INSPECTION","FALSE","NO"
"ITEM-004630","SHEETS_COCKPITS","03_EXPORTS\P49L2_CLOSE_20260619_224921\P49L2_FINAL_CLOSE_PACK_20260619_224921.zip","ZIP_REQUIRES_SEPARATE_INSPECTION","FALSE","NO"
"ITEM-004633","SHEETS_COCKPITS","03_EXPORTS\P49L2_CLOSE_20260619_224921\_ZIP_CONTENT\FINAL_P49K3_LOCAL_REFERENCE_ARCHIVE_FINAL_20260619_222956.zip","ZIP_REQUIRES_SEPARATE_INSPECTION","FALSE","NO"
"ITEM-004660","SHEETS_COCKPITS","03_EXPORTS\P49M_FINAL_CLOSE_20260619_225527\FINAL_ARCHIVE_P49K3_LOCAL_REFERENCE_ARCHIVE_FINAL_20260619_222956.zip","ZIP_REQUIRES_SEPARATE_INSPECTION","FALSE","NO"
"ITEM-004661","SHEETS_COCKPITS","03_EXPORTS\P49M_FINAL_CLOSE_20260619_225527\P49L2_CLOSURE_PACK_P49L2_FINAL_CLOSE_PACK_20260619_224921.zip","ZIP_REQUIRES_SEPARATE_INSPECTION","FALSE","NO"
"ITEM-004669","SHEETS_COCKPITS","03_EXPORTS\P49M_FINAL_CLOSE_20260619_225527\P49M_FINAL_LOCAL_CLOSE_HANDOFF_20260619_225527.zip","ZIP_REQUIRES_SEPARATE_INSPECTION","FALSE","NO"
"ITEM-004681","SHEETS_COCKPITS","03_EXPORTS\P49M_FINAL_CLOSE_20260619_225527\_ZIP_CONTENT\FINAL_ARCHIVE_P49K3_LOCAL_REFERENCE_ARCHIVE_FINAL_20260619_222956.zip","ZIP_REQUIRES_SEPARATE_INSPECTION","FALSE","NO"
"ITEM-004682","SHEETS_COCKPITS","03_EXPORTS\P49M_FINAL_CLOSE_20260619_225527\_ZIP_CONTENT\P49L2_CLOSURE_PACK_P49L2_FINAL_CLOSE_PACK_20260619_224921.zip","ZIP_REQUIRES_SEPARATE_INSPECTION","FALSE","NO"
"ITEM-004698","SHEETS_COCKPITS","03_EXPORTS\P49N_NEXT_SELECTOR_20260619_232102\P49M_FINAL_CLOSE_ZIP_P49M_FINAL_LOCAL_CLOSE_HANDOFF_20260619_225527.zip","ZIP_REQUIRES_SEPARATE_INSPECTION","FALSE","NO"
"ITEM-004705","SHEETS_COCKPITS","03_EXPORTS\P49N_NEXT_SELECTOR_20260619_232102\P49N_NEXT_NON_LIVE_SELECTOR_20260619_232102.zip","ZIP_REQUIRES_SEPARATE_INSPECTION","FALSE","NO"
"ITEM-004715","SHEETS_COCKPITS","03_EXPORTS\P49N_NEXT_SELECTOR_20260619_232102\_ZIP_CONTENT\P49M_FINAL_CLOSE_ZIP_P49M_FINAL_LOCAL_CLOSE_HANDOFF_20260619_225527.zip","ZIP_REQUIRES_SEPARATE_INSPECTION","FALSE","NO"
"ITEM-004737","SHEETS_COCKPITS","03_EXPORTS\P50A_SCOPE_DISCOVERY_20260619_233021\P50A_SCOPE_DISCOVERY_20260619_233021.zip","ZIP_REQUIRES_SEPARATE_INSPECTION","FALSE","NO"
"ITEM-005016","SHEETS_COCKPITS","03_EXPORTS\P50G_UI_SCRIPT_IMPACT_20260620_000352\P50G_UI_SCRIPT_IMPACT_INVENTORY_20260620_000352.zip","ZIP_REQUIRES_SEPARATE_INSPECTION","FALSE","NO"
"ITEM-005074","SHEETS_COCKPITS","03_EXPORTS\P50H_SCRIPT_DRY_RUN_20260620_001522\P50H_SCRIPT_UPDATE_DRY_RUN_PACK_20260620_001522.zip","ZIP_REQUIRES_SEPARATE_INSPECTION","FALSE","NO"
"ITEM-005130","SHEETS_COCKPITS","03_EXPORTS\P50I_FINAL_CLOSE_20260620_003358\P50I_FINAL_LOCAL_CLOSE_AND_NEXT_GATE_20260620_003358.zip","ZIP_REQUIRES_SEPARATE_INSPECTION","FALSE","NO"
"ITEM-005294","SHEETS_COCKPITS","03_EXPORTS\P51C_SCRIPT_PATCH_SELECTOR_20260620_012621\P51C_SCRIPT_PATCH_HUMAN_REVIEW_SELECTOR_20260620_012621.zip","ZIP_REQUIRES_SEPARATE_INSPECTION","FALSE","NO"
"ITEM-005331","SHEETS_COCKPITS","03_EXPORTS\P51C2_AUTOFILL_SCRIPT_SELECTOR_20260620_013300\P51C2_AUTOFILL_SCRIPT_PATCH_SELECTOR_20260620_013300.zip","ZIP_REQUIRES_SEPARATE_INSPECTION","FALSE","NO"
"ITEM-005357","SHEETS_COCKPITS","03_EXPORTS\P51D_VALIDATE_SCRIPT_SELECTOR_20260620_014119\P51D_VALIDATE_FILLED_SCRIPT_PATCH_SELECTOR_20260620_014119.zip","ZIP_REQUIRES_SEPARATE_INSPECTION","FALSE","NO"
"ITEM-005745","SHEETS_COCKPITS","03_EXPORTS\P51H_BLUEPRINT_BUNDLE_20260620_022534\P51H_BLUEPRINT_BUNDLE_20260620_022534.zip","ZIP_REQUIRES_SEPARATE_INSPECTION","FALSE","NO"
"ITEM-005746","SHEETS_COCKPITS","03_EXPORTS\P51H_BLUEPRINT_BUNDLE_20260620_022534\P51H_FULL_EVIDENCE_20260620_022534.zip","ZIP_REQUIRES_SEPARATE_INSPECTION","FALSE","NO"
"ITEM-005817","SHEETS_COCKPITS","03_EXPORTS\P51H_BLUEPRINT_BUNDLE_20260620_022534\_ZIP_CONTENT\P51H_BLUEPRINT_BUNDLE_20260620_022534.zip","ZIP_REQUIRES_SEPARATE_INSPECTION","FALSE","NO"
"ITEM-005900","SHEETS_COCKPITS","03_EXPORTS\P51I_PATCH_DRAFT_SELECTOR_20260620_024414\P51I_PATCH_DRAFT_SELECTOR_20260620_024414.zip","ZIP_REQUIRES_SEPARATE_INSPECTION","FALSE","NO"
"ITEM-005943","SHEETS_COCKPITS","03_EXPORTS\P51J_DRY_RUN_PATCH_DRAFTS_20260620_025357\P51J_DRAFTS_ONLY_20260620_025357.zip","ZIP_REQUIRES_SEPARATE_INSPECTION","FALSE","NO"
"ITEM-005944","SHEETS_COCKPITS","03_EXPORTS\P51J_DRY_RUN_PATCH_DRAFTS_20260620_025357\P51J_FULL_EVIDENCE_20260620_025357.zip","ZIP_REQUIRES_SEPARATE_INSPECTION","FALSE","NO"
"ITEM-006019","SHEETS_COCKPITS","03_EXPORTS\P51J_DRY_RUN_PATCH_DRAFTS_20260620_025357\_ZIP_CONTENT\P51J_DRAFTS_ONLY_20260620_025357.zip","ZIP_REQUIRES_SEPARATE_INSPECTION","FALSE","NO"
"ITEM-006107","SHEETS_COCKPITS","03_EXPORTS\P51K_DRAFT_REVIEW_SELECTOR_20260620_085733\P51K_DRAFT_REVIEW_SELECTOR_20260620_085733.zip","ZIP_REQUIRES_SEPARATE_INSPECTION","FALSE","NO"
"ITEM-006155","SHEETS_COCKPITS","03_EXPORTS\P51L_SOURCE_PATCH_PROPOSALS_20260620_090714\P51L_PROPOSALS_ONLY_20260620_090714.zip","ZIP_REQUIRES_SEPARATE_INSPECTION","FALSE","NO"
"ITEM-006156","SHEETS_COCKPITS","03_EXPORTS\P51L_SOURCE_PATCH_PROPOSALS_20260620_090714\P51L_FULL_EVIDENCE_20260620_090714.zip","ZIP_REQUIRES_SEPARATE_INSPECTION","FALSE","NO"
"ITEM-006193","SHEETS_COCKPITS","03_EXPORTS\P51L_SOURCE_PATCH_PROPOSALS_20260620_090714\_ZIP_CONTENT\P51L_PROPOSALS_ONLY_20260620_090714.zip","ZIP_REQUIRES_SEPARATE_INSPECTION","FALSE","NO"
"ITEM-006227","SHEETS_COCKPITS","03_EXPORTS\P51L_SOURCE_PATCH_PROPOSALS_RERUN_SAFE_20260620_091702\P51L_PROPOSALS_ONLY_20260620_091702.zip","ZIP_REQUIRES_SEPARATE_INSPECTION","FALSE","NO"
"ITEM-006230","SHEETS_COCKPITS","03_EXPORTS\P51L_SOURCE_PATCH_PROPOSALS_RERUN_SAFE_20260620_091702\P51L_FULL_EVIDENCE_20260620_091702.zip","ZIP_REQUIRES_SEPARATE_INSPECTION","FALSE","NO"
"ITEM-006303","SHEETS_COCKPITS","03_EXPORTS\P51L_SOURCE_PATCH_PROPOSALS_RERUN_SAFE_20260620_091702\_ZIP_CONTENT\P51L_PROPOSALS_ONLY_20260620_091702.zip","ZIP_REQUIRES_SEPARATE_INSPECTION","FALSE","NO"
"ITEM-006379","SHEETS_COCKPITS","03_EXPORTS\P51M_SOURCE_PATCH_PROPOSAL_REVIEW_SELECTOR_20260620_092007\P51M_FULL_EVIDENCE_20260620_092752.zip","ZIP_REQUIRES_SEPARATE_INSPECTION","FALSE","NO"
"ITEM-006411","SHEETS_COCKPITS","03_EXPORTS\P51N_PATCH_DRAFT_PACK_20260620_093050\P51N_DRAFTS_ONLY_20260620_093050.zip","ZIP_REQUIRES_SEPARATE_INSPECTION","FALSE","NO"
"ITEM-006413","SHEETS_COCKPITS","03_EXPORTS\P51N_PATCH_DRAFT_PACK_20260620_093050\P51N_FULL_EVIDENCE_20260620_093050.zip","ZIP_REQUIRES_SEPARATE_INSPECTION","FALSE","NO"
"ITEM-006485","SHEETS_COCKPITS","03_EXPORTS\P51O_PATCH_DRAFT_REVIEW_SELECTOR_20260620_093351\P51O_FULL_EVIDENCE_20260620_093351.zip","ZIP_REQUIRES_SEPARATE_INSPECTION","FALSE","NO"
"ITEM-006517","SHEETS_COCKPITS","03_EXPORTS\P51P_SOURCE_PATCH_DESIGN_PACK_20260620_094215\P51P_DESIGNS_ONLY_20260620_094215.zip","ZIP_REQUIRES_SEPARATE_INSPECTION","FALSE","NO"
"ITEM-006519","SHEETS_COCKPITS","03_EXPORTS\P51P_SOURCE_PATCH_DESIGN_PACK_20260620_094215\P51P_FULL_EVIDENCE_20260620_094215.zip","ZIP_REQUIRES_SEPARATE_INSPECTION","FALSE","NO"
"ITEM-006591","SHEETS_COCKPITS","03_EXPORTS\P51Q_SOURCE_PATCH_DESIGN_REVIEW_SELECTOR_20260620_094550\P51Q_FULL_EVIDENCE_20260620_094550.zip","ZIP_REQUIRES_SEPARATE_INSPECTION","FALSE","NO"
"ITEM-006623","SHEETS_COCKPITS","03_EXPORTS\P51R_PATCH_BLUEPRINT_PACK_20260620_095046\P51R_BLUEPRINTS_ONLY_20260620_095046.zip","ZIP_REQUIRES_SEPARATE_INSPECTION","FALSE","NO"
"ITEM-006625","SHEETS_COCKPITS","03_EXPORTS\P51R_PATCH_BLUEPRINT_PACK_20260620_095046\P51R_FULL_EVIDENCE_20260620_095046.zip","ZIP_REQUIRES_SEPARATE_INSPECTION","FALSE","NO"
"ITEM-006696","SHEETS_COCKPITS","03_EXPORTS\P51S_FINAL_PATCH_BLUEPRINT_REVIEW_CLOSURE_20260620_100058\P51S_FULL_EVIDENCE_20260620_100058.zip","ZIP_REQUIRES_SEPARATE_INSPECTION","FALSE","NO"
"ITEM-006745","SHEETS_COCKPITS","03_EXPORTS\P51K_DRAFT_REVIEW_SELECTOR_20260620_100305\P51K_DRAFT_REVIEW_SELECTOR_20260620_100305.zip","ZIP_REQUIRES_SEPARATE_INSPECTION","FALSE","NO"
"ITEM-006791","SHEETS_COCKPITS","03_EXPORTS\P52A_FAST_TRACK_SOURCE_PATCH_ENTRY_GATE_20260620_100856\P52A_FULL_EVIDENCE_20260620_100856.zip","ZIP_REQUIRES_SEPARATE_INSPECTION","FALSE","NO"
"ITEM-006874","SHEETS_COCKPITS","03_EXPORTS\P52BC_FUSED_PATCH_PREP_READONLY_20260620_102201\P52BC_FULL_EVIDENCE_20260620_102201.zip","ZIP_REQUIRES_SEPARATE_INSPECTION","FALSE","NO"
"ITEM-006935","SHEETS_COCKPITS","03_EXPORTS\P52D2_20260620_103631\P52D2_FULL_20260620_103631.zip","ZIP_REQUIRES_SEPARATE_INSPECTION","FALSE","NO"
"ITEM-006996","SHEETS_COCKPITS","03_EXPORTS\P52E_20260620_104420\P52E_FULL_20260620_104420.zip","ZIP_REQUIRES_SEPARATE_INSPECTION","FALSE","NO"
"ITEM-007130","SHEETS_COCKPITS","03_EXPORTS\P52F_20260620_104838\P52F_FULL_20260620_104838.zip","ZIP_REQUIRES_SEPARATE_INSPECTION","FALSE","NO"
"ITEM-007226","SHEETS_COCKPITS","03_EXPORTS\P52G_20260620_105154\P52G_FULL_20260620_105154.zip","ZIP_REQUIRES_SEPARATE_INSPECTION","FALSE","NO"
"ITEM-007290","SHEETS_COCKPITS","03_EXPORTS\P53_20260620_105811\P53_FULL_20260620_105811.zip","ZIP_REQUIRES_SEPARATE_INSPECTION","FALSE","NO"
"ITEM-007330","SHEETS_COCKPITS","03_EXPORTS\P53_20260620_110104\P53_FULL_20260620_110104.zip","ZIP_REQUIRES_SEPARATE_INSPECTION","FALSE","NO"
"ITEM-007379","SHEETS_COCKPITS","03_EXPORTS\P54B_20260620_110823\P54B_FULL_20260620_110823.zip","ZIP_REQUIRES_SEPARATE_INSPECTION","FALSE","NO"
"ITEM-007404","SHEETS_COCKPITS","03_EXPORTS\P54C_20260620_111210\P54C_FULL_20260620_111210.zip","ZIP_REQUIRES_SEPARATE_INSPECTION","FALSE","NO"
"ITEM-007430","SHEETS_COCKPITS","03_EXPORTS\P55_20260620_111627\P55_FULL_20260620_111627.zip","ZIP_REQUIRES_SEPARATE_INSPECTION","FALSE","NO"
"ITEM-007481","SHEETS_COCKPITS","03_EXPORTS\P56A2_20260620_112417\P56A2_FULL_20260620_112417.zip","ZIP_REQUIRES_SEPARATE_INSPECTION","FALSE","NO"
"ITEM-007512","SHEETS_COCKPITS","03_EXPORTS\P56B_20260620_112818\P56B_FULL_20260620_112818.zip","ZIP_REQUIRES_SEPARATE_INSPECTION","FALSE","NO"
"ITEM-007543","SHEETS_COCKPITS","03_EXPORTS\P57_20260620_113259\P57_FULL_20260620_113259.zip","ZIP_REQUIRES_SEPARATE_INSPECTION","FALSE","NO"
"ITEM-007573","SHEETS_COCKPITS","03_EXPORTS\P57B_20260620_113629\P57B_FULL_20260620_113629.zip","ZIP_REQUIRES_SEPARATE_INSPECTION","FALSE","NO"
"ITEM-007607","SHEETS_COCKPITS","03_EXPORTS\P57D_20260620_114750\P57D_FULL_20260620_114750.zip","ZIP_REQUIRES_SEPARATE_INSPECTION","FALSE","NO"
"ITEM-007641","SHEETS_COCKPITS","03_EXPORTS\P58A_20260620_123409\P58A_FULL_20260620_123409.zip","ZIP_REQUIRES_SEPARATE_INSPECTION","FALSE","NO"
"ITEM-007700","SHEETS_COCKPITS","03_EXPORTS\P58B2_20260620_125011\P58B2_FULL_20260620_125011.zip","ZIP_REQUIRES_SEPARATE_INSPECTION","FALSE","NO"
"ITEM-007725","SHEETS_COCKPITS","03_EXPORTS\P58C0_20260620_131514\P58C0_FULL_20260620_131514.zip","ZIP_REQUIRES_SEPARATE_INSPECTION","FALSE","NO"
"ITEM-007758","SHEETS_COCKPITS","03_EXPORTS\P51L_SOURCE_PATCH_PROPOSALS_RERUN_SAFE_20260621_013240\P51L_PROPOSALS_ONLY_20260621_013240.zip","ZIP_REQUIRES_SEPARATE_INSPECTION","FALSE","NO"
"ITEM-007761","SHEETS_COCKPITS","03_EXPORTS\P51L_SOURCE_PATCH_PROPOSALS_RERUN_SAFE_20260621_013240\P51L_FULL_EVIDENCE_20260621_013240.zip","ZIP_REQUIRES_SEPARATE_INSPECTION","FALSE","NO"
"ITEM-007834","SHEETS_COCKPITS","03_EXPORTS\P51L_SOURCE_PATCH_PROPOSALS_RERUN_SAFE_20260621_013240\_ZIP_CONTENT\P51L_PROPOSALS_ONLY_20260621_013240.zip","ZIP_REQUIRES_SEPARATE_INSPECTION","FALSE","NO"
"ITEM-008613","SHEETS_COCKPITS","MVP_QAIC_PY_WORK_20260623_192901\05_EXPORTS\P150B_LOCAL_PRIVATE_RELEASE_PACK_20260623_132954\P150B_LOCAL_PRIVATE_RELEASE_PACK.zip","ZIP_REQUIRES_SEPARATE_INSPECTION","FALSE","NO"
"ITEM-001481","NOTICE_RUNBOOK","01_DOCS\VALIDATION\P6I_CLOSURE_HANDOFF_NO_APPLY_MAXI_20260616-125624.zip","ZIP_REQUIRES_SEPARATE_INSPECTION","FALSE","NO"
"ITEM-001519","NOTICE_RUNBOOK","01_DOCS\VALIDATION\P9K_ARCHIVE_HANDOFF_FAST_NO_APPLY_20260616-183832.zip","ZIP_REQUIRES_SEPARATE_INSPECTION","FALSE","NO"
"ITEM-001520","NOTICE_RUNBOOK","01_DOCS\VALIDATION\P9K2_ARCHIVE_HANDOFF_REPORT_REPAIR_FAST_NO_APPLY_20260616-184303.zip","ZIP_REQUIRES_SEPARATE_INSPECTION","FALSE","NO"
"ITEM-001525","NOTICE_RUNBOOK","01_DOCS\VALIDATION\P10A_HANDOFF_20260616-192136.zip","ZIP_REQUIRES_SEPARATE_INSPECTION","FALSE","NO"
"ITEM-001527","NOTICE_RUNBOOK","01_DOCS\VALIDATION\P10C_HANDOFF_20260616-193325.zip","ZIP_REQUIRES_SEPARATE_INSPECTION","FALSE","NO"
"ITEM-001597","NOTICE_RUNBOOK","01_DOCS\VALIDATION\P6I_CLOSURE_HANDOFF_NO_APPLY_MAXI_20260616-125624\P6H_SIGNOFF_PACK_NO_APPLY_MAXI_20260616-125318.zip","ZIP_REQUIRES_SEPARATE_INSPECTION","FALSE","NO"
"ITEM-002975","NOTICE_RUNBOOK","02_BUILD\LEXIQUE_READER_MVP\05_RELEASE\P27D8_20260618_172039_PRIVATE_WEBAPP_HARDENING_AND_HANDOFF.zip","ZIP_REQUIRES_SEPARATE_INSPECTION","FALSE","NO"
"ITEM-003043","NOTICE_RUNBOOK","02_BUILD\LEXIQUE_READER_MVP\08_PUBLICATION\P23G_20260617_233655_MANUAL_PUBLICATION_RUNBOOK_LOCAL_ONLY.zip","ZIP_REQUIRES_SEPARATE_INSPECTION","FALSE","NO"
"ITEM-003180","NOTICE_RUNBOOK","02_BUILD\LEXIQUE_READER_MVP\09_STITCH_HANDOFF\P18E_20260617_140518\CHATGPT_STATIC_LEXIQUE_READER_P16A2_20260617_131649.zip","ZIP_REQUIRES_SEPARATE_INSPECTION","FALSE","NO"
"ITEM-003193","NOTICE_RUNBOOK","02_BUILD\LEXIQUE_READER_MVP\10_HANDOFF\P19C_20260617_142103\CHATGPT_STATIC_LEXIQUE_READER_P16A2_20260617_131649.zip","ZIP_REQUIRES_SEPARATE_INSPECTION","FALSE","NO"
"ITEM-003213","NOTICE_RUNBOOK","02_BUILD\LEXIQUE_READER_MVP\10_HANDOFF\P22G_20260617_181826\P22F5_20260617_181438_FINAL_REVIEWED_WEBAPP.zip","ZIP_REQUIRES_SEPARATE_INSPECTION","FALSE","NO"
"ITEM-003660","NOTICE_RUNBOOK","02_BUILD\LEXIQUE_READER_MVP\06_BASELINES\P27B_FINAL_HANDOFF_20260618_151630_CLEAN_CANONICAL.zip","ZIP_REQUIRES_SEPARATE_INSPECTION","FALSE","NO"
"ITEM-007969","NOTICE_RUNBOOK","03_DEV\P36_MANUAL_CORRECTION_HANDOFF_20260619-162222\MVP_QAIC_P36_MANUAL_CORRECTION_HANDOFF_20260619-162222.zip","ZIP_REQUIRES_SEPARATE_INSPECTION","FALSE","NO"
"ITEM-002391","UI_UX","01_DOCS\VALIDATION\P26B3_20260618_011933\P26B3_BUILD_ASSETS_16_9_P26B3_20260618_011933.zip","ZIP_REQUIRES_SEPARATE_INSPECTION","FALSE","NO"
"ITEM-002781","UI_UX","source\Revolut X\v25_31_revolut_fiscal_ledger_builder.zip","ZIP_REQUIRES_SEPARATE_INSPECTION","FALSE","NO"
"ITEM-002819","UI_UX","02_BUILD\LEXIQUE_READER_MVP\03_BUILD_OUTPUTS\CHATGPT_STATIC_LEXIQUE_READER_P16A2_20260617_131649.zip","ZIP_REQUIRES_SEPARATE_INSPECTION","FALSE","NO"
"ITEM-002820","UI_UX","02_BUILD\LEXIQUE_READER_MVP\03_BUILD_OUTPUTS\stitch_qaic_crypto_lexicon_mvp.zip","ZIP_REQUIRES_SEPARATE_INSPECTION","FALSE","NO"
"ITEM-002821","UI_UX","02_BUILD\LEXIQUE_READER_MVP\03_BUILD_OUTPUTS\stitch_qaic_crypto_lexicon_mvp_navfix_premium.zip","ZIP_REQUIRES_SEPARATE_INSPECTION","FALSE","NO"
"ITEM-002822","UI_UX","02_BUILD\LEXIQUE_READER_MVP\03_BUILD_OUTPUTS\stitch_qaic_crypto_lexicon_mvp_v4_full_nav_data_fix.zip","ZIP_REQUIRES_SEPARATE_INSPECTION","FALSE","NO"
"ITEM-002823","UI_UX","02_BUILD\LEXIQUE_READER_MVP\03_BUILD_OUTPUTS\stitch_qaic_crypto_lexicon_mvp_v3_revolut_graph.zip","ZIP_REQUIRES_SEPARATE_INSPECTION","FALSE","NO"
"ITEM-002824","UI_UX","02_BUILD\LEXIQUE_READER_MVP\03_BUILD_OUTPUTS\stitch_qaic_crypto_lexicon_mvp_v5_full_nav_data_fix.zip","ZIP_REQUIRES_SEPARATE_INSPECTION","FALSE","NO"
"ITEM-002825","UI_UX","02_BUILD\LEXIQUE_READER_MVP\03_BUILD_OUTPUTS\P22B_20260617_165033_DETERMINISTIC_WEBAPP.zip","ZIP_REQUIRES_SEPARATE_INSPECTION","FALSE","NO"
"ITEM-002826","UI_UX","02_BUILD\LEXIQUE_READER_MVP\03_BUILD_OUTPUTS\P22B3_20260617_170426_SEALED_DETERMINISTIC_WEBAPP.zip","ZIP_REQUIRES_SEPARATE_INSPECTION","FALSE","NO"
"ITEM-002827","UI_UX","02_BUILD\LEXIQUE_READER_MVP\03_BUILD_OUTPUTS\P22C2_20260617_170904_VISUAL_POLISH_WEBAPP.zip","ZIP_REQUIRES_SEPARATE_INSPECTION","FALSE","NO"
"ITEM-002828","UI_UX","02_BUILD\LEXIQUE_READER_MVP\03_BUILD_OUTPUTS\P22E_20260617_173739_SEALED_WEBAPP_PROVISIONAL.zip","ZIP_REQUIRES_SEPARATE_INSPECTION","FALSE","NO"
"ITEM-002829","UI_UX","02_BUILD\LEXIQUE_READER_MVP\03_BUILD_OUTPUTS\P22F3A4_20260617_180307_WEBAPP_ORIGINAL_LEXIQUE_DEFINITIONS_PATCHED.zip","ZIP_REQUIRES_SEPARATE_INSPECTION","FALSE","NO"
"ITEM-002830","UI_UX","02_BUILD\LEXIQUE_READER_MVP\03_BUILD_OUTPUTS\P22F4_20260617_180905_WEBAPP_ALL_DEFINITIONS_PATCHED.zip","ZIP_REQUIRES_SEPARATE_INSPECTION","FALSE","NO"
"ITEM-002831","UI_UX","02_BUILD\LEXIQUE_READER_MVP\03_BUILD_OUTPUTS\P23B_20260617_191039_WEBAPP_MICRO_UX_POLISH.zip","ZIP_REQUIRES_SEPARATE_INSPECTION","FALSE","NO"
"ITEM-002832","UI_UX","02_BUILD\LEXIQUE_READER_MVP\03_BUILD_OUTPUTS\P23B2_20260617_193439_WEBAPP_MICRO_UX_POLISH_REPAIRED.zip","ZIP_REQUIRES_SEPARATE_INSPECTION","FALSE","NO"
"ITEM-002833","UI_UX","02_BUILD\LEXIQUE_READER_MVP\03_BUILD_OUTPUTS\P23B3_20260617_214230_WEBAPP_MICRO_UX_POLISH_FROM_FINAL_ZIP.zip","ZIP_REQUIRES_SEPARATE_INSPECTION","FALSE","NO"
"ITEM-002834","UI_UX","02_BUILD\LEXIQUE_READER_MVP\03_BUILD_OUTPUTS\P23B3_20260617_214829_WEBAPP_MICRO_UX_POLISH_FROM_FINAL_ZIP.zip","ZIP_REQUIRES_SEPARATE_INSPECTION","FALSE","NO"
"ITEM-002835","UI_UX","02_BUILD\LEXIQUE_READER_MVP\03_BUILD_OUTPUTS\P23D_20260617_220433_WEBAPP_GRAPHICS_V2_PATCH.zip","ZIP_REQUIRES_SEPARATE_INSPECTION","FALSE","NO"
"ITEM-002836","UI_UX","02_BUILD\LEXIQUE_READER_MVP\03_BUILD_OUTPUTS\P23D3_20260617_231306_WEBAPP_GRAPHICS_V2_SAFE_REPAIR.zip","ZIP_REQUIRES_SEPARATE_INSPECTION","FALSE","NO"
"ITEM-002895","UI_UX","02_BUILD\LEXIQUE_READER_MVP\03_BUILD_OUTPUTS\P26B_WEB_VISUAL_ASSETS_16_9_HIGH_QUALITY\03_PACK_ZIP\P26B3_BUILD_ASSETS_16_9_P26B3_20260618_011933.zip","ZIP_REQUIRES_SEPARATE_INSPECTION","FALSE","NO"
"ITEM-002907","UI_UX","02_BUILD\LEXIQUE_READER_MVP\03_BUILD_OUTPUTS\P26B_WEB_VISUAL_ASSETS_16_9_HIGH_QUALITY\15_SEALED_RELEASE_ASSETS\P26B3_BUILD_ASSETS_16_9_P26B3_20260618_011933.zip","ZIP_REQUIRES_SEPARATE_INSPECTION","FALSE","NO"
"ITEM-002944","UI_UX","02_BUILD\LEXIQUE_READER_MVP\05_RELEASE\P22F5_20260617_181438_FINAL_REVIEWED_WEBAPP.zip","ZIP_REQUIRES_SEPARATE_INSPECTION","FALSE","NO"
"ITEM-002945","UI_UX","02_BUILD\LEXIQUE_READER_MVP\05_RELEASE\P23E_20260617_232213_GRAPHICS_V2_PRODUCT_BASELINE.zip","ZIP_REQUIRES_SEPARATE_INSPECTION","FALSE","NO"
"ITEM-002946","UI_UX","02_BUILD\LEXIQUE_READER_MVP\05_RELEASE\P24A_20260617_234740_PRODUCT_UX_CONTENT_V3_BASELINE.zip","ZIP_REQUIRES_SEPARATE_INSPECTION","FALSE","NO"
"ITEM-002947","UI_UX","02_BUILD\LEXIQUE_READER_MVP\05_RELEASE\P24B_20260617_235247_PRODUCT_V3_REFINEMENT_BASELINE.zip","ZIP_REQUIRES_SEPARATE_INSPECTION","FALSE","NO"
"ITEM-002948","UI_UX","02_BUILD\LEXIQUE_READER_MVP\05_RELEASE\P24C_20260617_235819_DATASET_UI_POLISH_BASELINE.zip","ZIP_REQUIRES_SEPARATE_INSPECTION","FALSE","NO"
"ITEM-002950","UI_UX","02_BUILD\LEXIQUE_READER_MVP\05_RELEASE\P27A2C_RECOVERY_DOTNET_20260618_124058_DATA_INTEGRATED_UX_PROTOTYPE.zip","ZIP_REQUIRES_SEPARATE_INSPECTION","FALSE","NO"
"ITEM-002951","UI_UX","02_BUILD\LEXIQUE_READER_MVP\05_RELEASE\P27A2D_DIRECT_20260618_125004_ASSETS_VISUAL_INTEGRATED_UX_PROTOTYPE.zip","ZIP_REQUIRES_SEPARATE_INSPECTION","FALSE","NO"
"ITEM-002952","UI_UX","02_BUILD\LEXIQUE_READER_MVP\05_RELEASE\P27A2E1_RECOVERY_20260618_130158_UX_TAXONOMY_REFINED_PROTOTYPE.zip","ZIP_REQUIRES_SEPARATE_INSPECTION","FALSE","NO"
"ITEM-002953","UI_UX","02_BUILD\LEXIQUE_READER_MVP\05_RELEASE\P27A2E1B_20260618_133555_CLEAN_TAXONOMY_REFINED_PROTOTYPE.zip","ZIP_REQUIRES_SEPARATE_INSPECTION","FALSE","NO"
"ITEM-002954","UI_UX","02_BUILD\LEXIQUE_READER_MVP\05_RELEASE\P27A2E2_20260618_134124_HERO_RESTORE_UX_POLISH_PROTOTYPE.zip","ZIP_REQUIRES_SEPARATE_INSPECTION","FALSE","NO"
"ITEM-002955","UI_UX","02_BUILD\LEXIQUE_READER_MVP\05_RELEASE\P27A2E3B_20260618_135134_STRICT_HERO_ASSET_RESTORE_FINALIZED_PROTOTYPE.zip","ZIP_REQUIRES_SEPARATE_INSPECTION","FALSE","NO"
"ITEM-002956","UI_UX","02_BUILD\LEXIQUE_READER_MVP\05_RELEASE\P27A2E4_20260618_135735_RESTORE_VALIDATED_UX_STRICT_HERO_PROTOTYPE.zip","ZIP_REQUIRES_SEPARATE_INSPECTION","FALSE","NO"
"ITEM-002957","UI_UX","02_BUILD\LEXIQUE_READER_MVP\05_RELEASE\P27A2F_20260618_140248_SEALED_RELEASE_CANDIDATE.zip","ZIP_REQUIRES_SEPARATE_INSPECTION","FALSE","NO"
"ITEM-002958","UI_UX","02_BUILD\LEXIQUE_READER_MVP\05_RELEASE\P27B1_20260618_141200_CSS_ONLY_HERO_READABILITY_PATCH.zip","ZIP_REQUIRES_SEPARATE_INSPECTION","FALSE","NO"
"ITEM-002959","UI_UX","02_BUILD\LEXIQUE_READER_MVP\05_RELEASE\P27B1F_20260618_141939_SEALED_CSS_ONLY_RELEASE.zip","ZIP_REQUIRES_SEPARATE_INSPECTION","FALSE","NO"
"ITEM-002960","UI_UX","02_BUILD\LEXIQUE_READER_MVP\05_RELEASE\P27B2_20260618_142439_CSS_ONLY_CARDS_DETAIL_READABILITY.zip","ZIP_REQUIRES_SEPARATE_INSPECTION","FALSE","NO"
"ITEM-002961","UI_UX","02_BUILD\LEXIQUE_READER_MVP\05_RELEASE\P27B3_20260618_142705_CSS_ONLY_UX_GLOBAL_POLISH_MAXI.zip","ZIP_REQUIRES_SEPARATE_INSPECTION","FALSE","NO"
"ITEM-002962","UI_UX","02_BUILD\LEXIQUE_READER_MVP\05_RELEASE\P27B3F_20260618_142926_SEALED_CSS_ONLY_UX_GLOBAL_POLISH_MAXI.zip","ZIP_REQUIRES_SEPARATE_INSPECTION","FALSE","NO"
"ITEM-002963","UI_UX","02_BUILD\LEXIQUE_READER_MVP\05_RELEASE\P27B4F_20260618_144159_MAXI_CSS_ONLY_MOBILE_ACCESSIBILITY.zip","ZIP_REQUIRES_SEPARATE_INSPECTION","FALSE","NO"
"ITEM-002964","UI_UX","02_BUILD\LEXIQUE_READER_MVP\05_RELEASE\P27C1_20260618_152546_DEPLOY_PREVIEW_FROM_P27B_FINAL.zip","ZIP_REQUIRES_SEPARATE_INSPECTION","FALSE","NO"
"ITEM-002965","UI_UX","02_BUILD\LEXIQUE_READER_MVP\05_RELEASE\P27C2_20260618_153020_VISUAL_REVIEW_SIGNOFF_PACK.zip","ZIP_REQUIRES_SEPARATE_INSPECTION","FALSE","NO"
"ITEM-002966","UI_UX","02_BUILD\LEXIQUE_READER_MVP\05_RELEASE\P27C3_20260618_153427_FINAL_PREVIEW_SEALED.zip","ZIP_REQUIRES_SEPARATE_INSPECTION","FALSE","NO"
"ITEM-002967","UI_UX","02_BUILD\LEXIQUE_READER_MVP\05_RELEASE\P27D1_20260618_153839_WEBAPP_READY_PACK.zip","ZIP_REQUIRES_SEPARATE_INSPECTION","FALSE","NO"
"ITEM-002968","UI_UX","02_BUILD\LEXIQUE_READER_MVP\05_RELEASE\P27D2_20260618_154419_HOSTING_STITCH_ANTIGRAVITY_OPTIONS_PACK.zip","ZIP_REQUIRES_SEPARATE_INSPECTION","FALSE","NO"
"ITEM-002972","UI_UX","02_BUILD\LEXIQUE_READER_MVP\05_RELEASE\P27D6B_20260618_163717_INTEGRATION_DESIGN_READONLY_PACK.zip","ZIP_REQUIRES_SEPARATE_INSPECTION","FALSE","NO"
"ITEM-002974","UI_UX","02_BUILD\LEXIQUE_READER_MVP\05_RELEASE\P27D7B_20260618_171810_PRIVATE_PREVIEW_SIGNOFF_PACK.zip","ZIP_REQUIRES_SEPARATE_INSPECTION","FALSE","NO"
"ITEM-002976","UI_UX","02_BUILD\LEXIQUE_READER_MVP\05_RELEASE\P27D9_20260618_172409_PRIVATE_USAGE_MONITORING_LIGHT_PACK.zip","ZIP_REQUIRES_SEPARATE_INSPECTION","FALSE","NO"
"ITEM-002977","UI_UX","02_BUILD\LEXIQUE_READER_MVP\05_RELEASE\P27D10A2_20260618_174031_UX_REVIEW_SHORT_PATH.zip","ZIP_REQUIRES_SEPARATE_INSPECTION","FALSE","NO"
"ITEM-002978","UI_UX","02_BUILD\LEXIQUE_READER_MVP\05_RELEASE\P27D10C_20260618_174417_NO_POLISH_NEEDED_CLOSURE.zip","ZIP_REQUIRES_SEPARATE_INSPECTION","FALSE","NO"
"ITEM-002979","UI_UX","02_BUILD\LEXIQUE_READER_MVP\05_RELEASE\P17B_20260617_133736\CHATGPT_STATIC_LEXIQUE_READER_P16A2_20260617_131649.zip","ZIP_REQUIRES_SEPARATE_INSPECTION","FALSE","NO"
"ITEM-002983","UI_UX","02_BUILD\LEXIQUE_READER_MVP\05_RELEASE\P17B2_20260617_134211\CHATGPT_STATIC_LEXIQUE_READER_P16A2_20260617_131649.zip","ZIP_REQUIRES_SEPARATE_INSPECTION","FALSE","NO"
"ITEM-002997","UI_UX","02_BUILD\LEXIQUE_READER_MVP\05_RELEASE\P23E_20260617_232213\P23E_20260617_232213_GRAPHICS_V2_PRODUCT_BASELINE.zip","ZIP_REQUIRES_SEPARATE_INSPECTION","FALSE","NO"
"ITEM-003000","UI_UX","02_BUILD\LEXIQUE_READER_MVP\05_RELEASE\P24A_20260617_234740\P24A_20260617_234740_PRODUCT_UX_CONTENT_V3_BASELINE.zip","ZIP_REQUIRES_SEPARATE_INSPECTION","FALSE","NO"
"ITEM-003006","UI_UX","02_BUILD\LEXIQUE_READER_MVP\05_RELEASE\P24B_20260617_235247\P24B_20260617_235247_PRODUCT_V3_REFINEMENT_BASELINE.zip","ZIP_REQUIRES_SEPARATE_INSPECTION","FALSE","NO"
"ITEM-003013","UI_UX","02_BUILD\LEXIQUE_READER_MVP\05_RELEASE\P24C_20260617_235819\P24C_20260617_235819_DATASET_UI_POLISH_BASELINE.zip","ZIP_REQUIRES_SEPARATE_INSPECTION","FALSE","NO"
"ITEM-003038","UI_UX","02_BUILD\LEXIQUE_READER_MVP\07_SHARE\P17E_20260617_135146\CHATGPT_STATIC_LEXIQUE_READER_P16A2_20260617_131649.zip","ZIP_REQUIRES_SEPARATE_INSPECTION","FALSE","NO"
"ITEM-003042","UI_UX","02_BUILD\LEXIQUE_READER_MVP\08_PUBLICATION\P23F_20260617_233142_PUBLICATION_PACK_GRAPHICS_V2_LOCAL_ONLY.zip","ZIP_REQUIRES_SEPARATE_INSPECTION","FALSE","NO"
"ITEM-003044","UI_UX","02_BUILD\LEXIQUE_READER_MVP\08_PUBLICATION\P23H_20260617_233940_STOP_OR_NEXT_SCOPE_DECISION_PACK_LOCAL_ONLY.zip","ZIP_REQUIRES_SEPARATE_INSPECTION","FALSE","NO"
"ITEM-003045","UI_UX","02_BUILD\LEXIQUE_READER_MVP\08_PUBLICATION\P23H2_20260617_234315_REPAIR_STOP_OR_NEXT_SCOPE_DECISION_PACK_LOCAL_ONLY.zip","ZIP_REQUIRES_SEPARATE_INSPECTION","FALSE","NO"
"ITEM-003046","UI_UX","02_BUILD\LEXIQUE_READER_MVP\08_PUBLICATION\P24A_20260617_234740_PRODUCT_V3_PUBLICATION_PACK_LOCAL_ONLY.zip","ZIP_REQUIRES_SEPARATE_INSPECTION","FALSE","NO"
"ITEM-003047","UI_UX","02_BUILD\LEXIQUE_READER_MVP\08_PUBLICATION\P24B_20260617_235247_PRODUCT_V3_REFINEMENT_PUBLICATION_PACK_LOCAL_ONLY.zip","ZIP_REQUIRES_SEPARATE_INSPECTION","FALSE","NO"
"ITEM-003048","UI_UX","02_BUILD\LEXIQUE_READER_MVP\08_PUBLICATION\P24C_20260617_235819_DATASET_UI_POLISH_PUBLICATION_PACK_LOCAL_ONLY.zip","ZIP_REQUIRES_SEPARATE_INSPECTION","FALSE","NO"
"ITEM-003050","UI_UX","02_BUILD\LEXIQUE_READER_MVP\08_PUBLICATION\P25A_20260618_002252_CHANNEL_PREP_MEGA_LOCAL_ONLY.zip","ZIP_REQUIRES_SEPARATE_INSPECTION","FALSE","NO"
"ITEM-003051","UI_UX","02_BUILD\LEXIQUE_READER_MVP\08_PUBLICATION\P18B_20260617_135647\CHATGPT_STATIC_LEXIQUE_READER_P16A2_20260617_131649.zip","ZIP_REQUIRES_SEPARATE_INSPECTION","FALSE","NO"
"ITEM-003055","UI_UX","02_BUILD\LEXIQUE_READER_MVP\08_PUBLICATION\P18D_20260617_140301\CHATGPT_STATIC_LEXIQUE_READER_P16A2_20260617_131649.zip","ZIP_REQUIRES_SEPARATE_INSPECTION","FALSE","NO"
"ITEM-003059","UI_UX","02_BUILD\LEXIQUE_READER_MVP\08_PUBLICATION\P22G_20260617_181826\P22F5_20260617_181438_FINAL_REVIEWED_WEBAPP.zip","ZIP_REQUIRES_SEPARATE_INSPECTION","FALSE","NO"
"ITEM-003069","UI_UX","02_BUILD\LEXIQUE_READER_MVP\08_PUBLICATION\P23F_20260617_233142\files\P23E_20260617_232213_GRAPHICS_V2_PRODUCT_BASELINE.zip","ZIP_REQUIRES_SEPARATE_INSPECTION","FALSE","NO"
"ITEM-003089","UI_UX","02_BUILD\LEXIQUE_READER_MVP\08_PUBLICATION\P24A_20260617_234740\files\P24A_20260617_234740_PRODUCT_UX_CONTENT_V3_BASELINE.zip","ZIP_REQUIRES_SEPARATE_INSPECTION","FALSE","NO"
"ITEM-003097","UI_UX","02_BUILD\LEXIQUE_READER_MVP\08_PUBLICATION\P24B_20260617_235247\files\P24B_20260617_235247_PRODUCT_V3_REFINEMENT_BASELINE.zip","ZIP_REQUIRES_SEPARATE_INSPECTION","FALSE","NO"
"ITEM-003106","UI_UX","02_BUILD\LEXIQUE_READER_MVP\08_PUBLICATION\P24C_20260617_235819\files\P24C_20260617_235819_DATASET_UI_POLISH_BASELINE.zip","ZIP_REQUIRES_SEPARATE_INSPECTION","FALSE","NO"
"ITEM-003160","UI_UX","02_BUILD\LEXIQUE_READER_MVP\08_PUBLICATION\P26B_WEB_VISUAL_ASSETS_16_9_HIGH_QUALITY\03_PACK_ZIP\P26B3_PUBLICATION_ASSETS_16_9_P26B3_20260618_011933.zip","ZIP_REQUIRES_SEPARATE_INSPECTION","FALSE","NO"
"ITEM-003172","UI_UX","02_BUILD\LEXIQUE_READER_MVP\08_PUBLICATION\P26B_WEB_VISUAL_ASSETS_16_9_HIGH_QUALITY\15_SEALED_RELEASE_ASSETS\P26B3_PUBLICATION_ASSETS_16_9_P26B3_20260618_011933.zip","ZIP_REQUIRES_SEPARATE_INSPECTION","FALSE","NO"
"ITEM-003654","UI_UX","02_BUILD\LEXIQUE_READER_MVP\06_BASELINES\P27A_BASELINE_20260618_140849_FROM_P27A2F_SEALED_RELEASE.zip","ZIP_REQUIRES_SEPARATE_INSPECTION","FALSE","NO"
"ITEM-003655","UI_UX","02_BUILD\LEXIQUE_READER_MVP\06_BASELINES\P27B_FINAL_BASELINE_20260618_144712_FROM_P27B4F_MAXI.zip","ZIP_REQUIRES_SEPARATE_INSPECTION","FALSE","NO"
"ITEM-003656","UI_UX","02_BUILD\LEXIQUE_READER_MVP\06_BASELINES\P27B_FINAL_BASELINE_20260618_145459_FROM_P27B4F_MAXI_RECONCILED.zip","ZIP_REQUIRES_SEPARATE_INSPECTION","FALSE","NO"
"ITEM-003657","UI_UX","02_BUILD\LEXIQUE_READER_MVP\06_BASELINES\P27B_FINAL_BASELINE_20260618_150334_CANONICAL_FROM_P27B4F.zip","ZIP_REQUIRES_SEPARATE_INSPECTION","FALSE","NO"
"ITEM-003658","UI_UX","02_BUILD\LEXIQUE_READER_MVP\06_BASELINES\P27B_FINAL_BASELINE_20260618_150512_CANONICAL_FROM_P27B4F.zip","ZIP_REQUIRES_SEPARATE_INSPECTION","FALSE","NO"
"ITEM-003659","UI_UX","02_BUILD\LEXIQUE_READER_MVP\06_BASELINES\P27B_FINAL_BASELINE_20260618_151630_CANONICAL_FROM_P27B4F.zip","ZIP_REQUIRES_SEPARATE_INSPECTION","FALSE","NO"
"ITEM-003661","UI_UX","02_BUILD\LEXIQUE_READER_MVP\06_BASELINES\P27B_FINAL_BASELINE_20260618_152007_LOCAL_STAGE_FROM_P27B4F.zip","ZIP_REQUIRES_SEPARATE_INSPECTION","FALSE","NO"
"ITEM-003662","UI_UX","02_BUILD\LEXIQUE_READER_MVP\06_BASELINES\P27C_FINAL_PREVIEW_BASELINE_20260618_153427_SEALED.zip","ZIP_REQUIRES_SEPARATE_INSPECTION","FALSE","NO"
