proposed_action,confidence,validation_required,reason,source_relative_path,source_sha256,source_bytes,source_domain_hint,source_full_name,target_relative_path,target_sha256,target_bytes,target_domain_hint,target_full_name,proposed_target_relative_path,proposed_source_archive_relative_path,r5_bucket,r5_reason,r5_apply_mode,r5_proposed_docs_relative_target,r5_recommendation
REVIEW_SAME_NAME_DIFFERENT_HASH_OR_PATH,MEDIUM,YES,A file with same name exists in target docs; human review needed before import/fusion,01_DOCS/README.md,754515f58b8182a239d9e19fddd77f6bf4f0e2589cfe2033c1e1d4321f687f37,563,DOCUMENTATION,G:\Mon Drive\👥 JULIEN [Perso]\📈 Trading JRb\Solutions & Dev (Trading JRb)\📈 QAIC\🛠️ MVP QAIC — Crypto Signal OS\01_DOCS\README.md,brand_assets/mvp_qaic/README.md,cb46cdbde77eeea67370bd68ff19293ed91aa79ee089432406dc30fd6942849e,672,BRAND_ASSET,C:\JRb_TRADING_OS\MVP_QAIC_PY\docs\brand_assets\mvp_qaic\README.md,imported_from_crypto_signal_os/01_DOCS/README.md,,REVIEW_CONFLICT_SAME_NAME_DIFFERENT_HASH,Selected for human review: same name but different hash or path; do not overwrite automatically.,HUMAN_REVIEW_REQUIRED_NO_OVERWRITE,drive_reconcile/R6_SELECTED_FINAL_DOCS/01_DOCS_ROOT/README.md,MANUAL_DIFF_REQUIRED_BEFORE_ANY_OVERWRITE
REVIEW_SAME_NAME_DIFFERENT_HASH_OR_PATH,MEDIUM,YES,A file with same name exists in target docs; human review needed before import/fusion,01_DOCS/FINAL_FUSED/MVP_QAIC_PY/🗺️ MVP_QAIC_ROADMAP_PLANNING_FINAL_FUSED_v0.2.2.md,42ae7af7c0eef5bccd1ead968c3d9d718be055d40a883620a627d855cef53e26,99443,FINAL_DOC,G:\Mon Drive\👥 JULIEN [Perso]\📈 Trading JRb\Solutions & Dev (Trading JRb)\📈 QAIC\🛠️ MVP QAIC — Crypto Signal OS\01_DOCS\FINAL_FUSED\MVP_QAIC_PY\🗺️ MVP_QAIC_ROADMAP_PLANNING_FINAL_FUSED_v0.2.2.md,FINAL/🗺️ MVP_QAIC_ROADMAP_PLANNING_FINAL_FUSED_v0.2.2.md,3273d14aded9ebd54de9b8318f8101af3568128d67fdeb8067be13bbdb346956,99384,FINAL_DOC,C:\JRb_TRADING_OS\MVP_QAIC_PY\docs\FINAL\🗺️ MVP_QAIC_ROADMAP_PLANNING_FINAL_FUSED_v0.2.2.md,FINAL/imported_from_crypto_signal_os/01_DOCS/FINAL_FUSED/MVP_QAIC_PY/🗺️ MVP_QAIC_ROADMAP_PLANNING_FINAL_FUSED_v0.2.2.md,,REVIEW_CONFLICT_SAME_NAME_DIFFERENT_HASH,Selected for human review: same name but different hash or path; do not overwrite automatically.,HUMAN_REVIEW_REQUIRED_NO_OVERWRITE,FINAL/fusion_inbox_R6/FINAL_FUSED/MVP_QAIC_PY/🗺️ MVP_QAIC_ROADMAP_PLANNING_FINAL_FUSED_v0.2.2.md,MANUAL_DIFF_REQUIRED_BEFORE_ANY_OVERWRITE
REVIEW_SAME_NAME_DIFFERENT_HASH_OR_PATH,MEDIUM,YES,A file with same name exists in target docs; human review needed before import/fusion,01_DOCS/FINAL_FUSED/MVP_QAIC_PY/🧱 MVP_QAIC_ARCHITECTURE_MIGRATION_FINAL_FUSED_v0.2.2.md,19bb29b04eb51e5f427eaba274216ce4f2f8fbc5e5840452f51b213a0903bb52,112864,FINAL_DOC,G:\Mon Drive\👥 JULIEN [Perso]\📈 Trading JRb\Solutions & Dev (Trading JRb)\📈 QAIC\🛠️ MVP QAIC — Crypto Signal OS\01_DOCS\FINAL_FUSED\MVP_QAIC_PY\🧱 MVP_QAIC_ARCHITECTURE_MIGRATION_FINAL_FUSED_v0.2.2.md,FINAL/🧱 MVP_QAIC_ARCHITECTURE_MIGRATION_FINAL_FUSED_v0.2.2.md,640d1a7fdd7610cf1aa18f9031654ed9736b9a62a5ba4ea56281b31ceff75da2,112822,FINAL_DOC,C:\JRb_TRADING_OS\MVP_QAIC_PY\docs\FINAL\🧱 MVP_QAIC_ARCHITECTURE_MIGRATION_FINAL_FUSED_v0.2.2.md,FINAL/imported_from_crypto_signal_os/01_DOCS/FINAL_FUSED/MVP_QAIC_PY/🧱 MVP_QAIC_ARCHITECTURE_MIGRATION_FINAL_FUSED_v0.2.2.md,,REVIEW_CONFLICT_SAME_NAME_DIFFERENT_HASH,Selected for human review: same name but different hash or path; do not overwrite automatically.,HUMAN_REVIEW_REQUIRED_NO_OVERWRITE,FINAL/fusion_inbox_R6/FINAL_FUSED/MVP_QAIC_PY/🧱 MVP_QAIC_ARCHITECTURE_MIGRATION_FINAL_FUSED_v0.2.2.md,MANUAL_DIFF_REQUIRED_BEFORE_ANY_OVERWRITE
REVIEW_SAME_NAME_DIFFERENT_HASH_OR_PATH,MEDIUM,YES,A file with same name exists in target docs; human review needed before import/fusion,01_DOCS/FINAL_FUSED/MVP_QAIC_PY/💎 MVP_QAIC_PROMPT_GEM_WORKFLOW_FINAL_FUSED_v0.2.2.md,dd2283b075280e80ce7b5255c1583e95734156dfba81a660eae79c541bd85cca,101753,FINAL_DOC,G:\Mon Drive\👥 JULIEN [Perso]\📈 Trading JRb\Solutions & Dev (Trading JRb)\📈 QAIC\🛠️ MVP QAIC — Crypto Signal OS\01_DOCS\FINAL_FUSED\MVP_QAIC_PY\💎 MVP_QAIC_PROMPT_GEM_WORKFLOW_FINAL_FUSED_v0.2.2.md,FINAL/💎 MVP_QAIC_PROMPT_GEM_WORKFLOW_FINAL_FUSED_v0.2.2.md,f5ed862204531ec190d1adf747ef8b7a11a67751abbac4d696ed0dcdda106fe1,101653,FINAL_DOC,C:\JRb_TRADING_OS\MVP_QAIC_PY\docs\FINAL\💎 MVP_QAIC_PROMPT_GEM_WORKFLOW_FINAL_FUSED_v0.2.2.md,FINAL/imported_from_crypto_signal_os/01_DOCS/FINAL_FUSED/MVP_QAIC_PY/💎 MVP_QAIC_PROMPT_GEM_WORKFLOW_FINAL_FUSED_v0.2.2.md,,REVIEW_CONFLICT_SAME_NAME_DIFFERENT_HASH,Selected for human review: same name but different hash or path; do not overwrite automatically.,HUMAN_REVIEW_REQUIRED_NO_OVERWRITE,FINAL/fusion_inbox_R6/FINAL_FUSED/MVP_QAIC_PY/💎 MVP_QAIC_PROMPT_GEM_WORKFLOW_FINAL_FUSED_v0.2.2.md,MANUAL_DIFF_REQUIRED_BEFORE_ANY_OVERWRITE
REVIEW_SAME_NAME_DIFFERENT_HASH_OR_PATH,MEDIUM,YES,A file with same name exists in target docs; human review needed before import/fusion,01_DOCS/FINAL_FUSED/MVP_QAIC_PY/📊 MVP_QAIC_SHEETS_COCKPITS_FINAL_FUSED_v0.2.2.md,8879f0e264aa594a64dfe3452c231c47a8a7b77c9591c942ccca5aedf41cca25,124667,FINAL_DOC,G:\Mon Drive\👥 JULIEN [Perso]\📈 Trading JRb\Solutions & Dev (Trading JRb)\📈 QAIC\🛠️ MVP QAIC — Crypto Signal OS\01_DOCS\FINAL_FUSED\MVP_QAIC_PY\📊 MVP_QAIC_SHEETS_COCKPITS_FINAL_FUSED_v0.2.2.md,FINAL/📊 MVP_QAIC_SHEETS_COCKPITS_FINAL_FUSED_v0.2.2.md,d7db8f3378fb1ce267041f5e41a3866c7ed02fd144d5327e8816750b5691f10b,124640,FINAL_DOC,C:\JRb_TRADING_OS\MVP_QAIC_PY\docs\FINAL\📊 MVP_QAIC_SHEETS_COCKPITS_FINAL_FUSED_v0.2.2.md,FINAL/imported_from_crypto_signal_os/01_DOCS/FINAL_FUSED/MVP_QAIC_PY/📊 MVP_QAIC_SHEETS_COCKPITS_FINAL_FUSED_v0.2.2.md,,REVIEW_CONFLICT_SAME_NAME_DIFFERENT_HASH,Selected for human review: same name but different hash or path; do not overwrite automatically.,HUMAN_REVIEW_REQUIRED_NO_OVERWRITE,FINAL/fusion_inbox_R6/FINAL_FUSED/MVP_QAIC_PY/📊 MVP_QAIC_SHEETS_COCKPITS_FINAL_FUSED_v0.2.2.md,MANUAL_DIFF_REQUIRED_BEFORE_ANY_OVERWRITE
REVIEW_SAME_NAME_DIFFERENT_HASH_OR_PATH,MEDIUM,YES,A file with same name exists in target docs; human review needed before import/fusion,01_DOCS/FINAL_FUSED/MVP_QAIC_PY/🎨 MVP_QAIC_UI_UX_STITCH_FINAL_FUSED_v0.2.2.md,91b425118bcdd3a9dd8d004d52ac4f18e2aecc252321e83d207d4afb3d25a337,144138,FINAL_DOC,G:\Mon Drive\👥 JULIEN [Perso]\📈 Trading JRb\Solutions & Dev (Trading JRb)\📈 QAIC\🛠️ MVP QAIC — Crypto Signal OS\01_DOCS\FINAL_FUSED\MVP_QAIC_PY\🎨 MVP_QAIC_UI_UX_STITCH_FINAL_FUSED_v0.2.2.md,FINAL/🎨 MVP_QAIC_UI_UX_STITCH_FINAL_FUSED_v0.2.2.md,98e795bc8723e892f97de60f85d58df85925988da4b071f69f764f8254ed3a3e,143997,FINAL_DOC,C:\JRb_TRADING_OS\MVP_QAIC_PY\docs\FINAL\🎨 MVP_QAIC_UI_UX_STITCH_FINAL_FUSED_v0.2.2.md,FINAL/imported_from_crypto_signal_os/01_DOCS/FINAL_FUSED/MVP_QAIC_PY/🎨 MVP_QAIC_UI_UX_STITCH_FINAL_FUSED_v0.2.2.md,,REVIEW_CONFLICT_SAME_NAME_DIFFERENT_HASH,Selected for human review: same name but different hash or path; do not overwrite automatically.,HUMAN_REVIEW_REQUIRED_NO_OVERWRITE,FINAL/fusion_inbox_R6/FINAL_FUSED/MVP_QAIC_PY/🎨 MVP_QAIC_UI_UX_STITCH_FINAL_FUSED_v0.2.2.md,MANUAL_DIFF_REQUIRED_BEFORE_ANY_OVERWRITE
REVIEW_SAME_NAME_DIFFERENT_HASH_OR_PATH,MEDIUM,YES,A file with same name exists in target docs; human review needed before import/fusion,01_DOCS/FINAL_FUSED/MVP_QAIC_PY/🧾 MVP_QAIC_FINAL_DOCS_INDEX_v0.2.2.md,478e6a59c08ad814d2a047974f6f3ee00e9eb8742200722bc93c381c1c9a41b8,1196,FINAL_DOC,G:\Mon Drive\👥 JULIEN [Perso]\📈 Trading JRb\Solutions & Dev (Trading JRb)\📈 QAIC\🛠️ MVP QAIC — Crypto Signal OS\01_DOCS\FINAL_FUSED\MVP_QAIC_PY\🧾 MVP_QAIC_FINAL_DOCS_INDEX_v0.2.2.md,FINAL/🧾 MVP_QAIC_FINAL_DOCS_INDEX_v0.2.2.md,bcde1adeed8f71405e7c1ab921f12a8e0c38a57434e7d641b73d8ac597e641dc,1191,FINAL_DOC,C:\JRb_TRADING_OS\MVP_QAIC_PY\docs\FINAL\🧾 MVP_QAIC_FINAL_DOCS_INDEX_v0.2.2.md,FINAL/imported_from_crypto_signal_os/01_DOCS/FINAL_FUSED/MVP_QAIC_PY/🧾 MVP_QAIC_FINAL_DOCS_INDEX_v0.2.2.md,,REVIEW_CONFLICT_SAME_NAME_DIFFERENT_HASH,Selected for human review: same name but different hash or path; do not overwrite automatically.,HUMAN_REVIEW_REQUIRED_NO_OVERWRITE,FINAL/fusion_inbox_R6/FINAL_FUSED/MVP_QAIC_PY/🧾 MVP_QAIC_FINAL_DOCS_INDEX_v0.2.2.md,MANUAL_DIFF_REQUIRED_BEFORE_ANY_OVERWRITE
REVIEW_SAME_NAME_DIFFERENT_HASH_OR_PATH,MEDIUM,YES,A file with same name exists in target docs; human review needed before import/fusion,01_DOCS/FINAL_FUSED/MVP_QAIC_PY/🧾 MVP_QAIC_FINAL_REFERENCE_INDEX_v0.3.0.md,4bde1c9f8b705dbaa27c46abcd72dd4f529d94e1e3bc2d570da55e2be78b2b97,2588,FINAL_DOC,G:\Mon Drive\👥 JULIEN [Perso]\📈 Trading JRb\Solutions & Dev (Trading JRb)\📈 QAIC\🛠️ MVP QAIC — Crypto Signal OS\01_DOCS\FINAL_FUSED\MVP_QAIC_PY\🧾 MVP_QAIC_FINAL_REFERENCE_INDEX_v0.3.0.md,FINAL/🧾 MVP_QAIC_FINAL_REFERENCE_INDEX_v0.3.0.md,26fb9fef1fff2b402783db9249035cffd6a9ab4aeb4943b9be82bd42c68b6652,2581,FINAL_DOC,C:\JRb_TRADING_OS\MVP_QAIC_PY\docs\FINAL\🧾 MVP_QAIC_FINAL_REFERENCE_INDEX_v0.3.0.md,FINAL/imported_from_crypto_signal_os/01_DOCS/FINAL_FUSED/MVP_QAIC_PY/🧾 MVP_QAIC_FINAL_REFERENCE_INDEX_v0.3.0.md,,REVIEW_CONFLICT_SAME_NAME_DIFFERENT_HASH,Selected for human review: same name but different hash or path; do not overwrite automatically.,HUMAN_REVIEW_REQUIRED_NO_OVERWRITE,FINAL/fusion_inbox_R6/FINAL_FUSED/MVP_QAIC_PY/🧾 MVP_QAIC_FINAL_REFERENCE_INDEX_v0.3.0.md,MANUAL_DIFF_REQUIRED_BEFORE_ANY_OVERWRITE
REVIEW_SAME_NAME_DIFFERENT_HASH_OR_PATH,MEDIUM,YES,A file with same name exists in target docs; human review needed before import/fusion,01_DOCS/FINAL_FUSED/MVP_QAIC_PY/🚀 MVP_QAIC_NOTICE_DOCUMENTAIRE_FINALE_v0.3.0.md,f34d010f2e155158bff0b420a55a940f293aed4c8da30a72be1c81f8a355b995,1166,FINAL_DOC,G:\Mon Drive\👥 JULIEN [Perso]\📈 Trading JRb\Solutions & Dev (Trading JRb)\📈 QAIC\🛠️ MVP QAIC — Crypto Signal OS\01_DOCS\FINAL_FUSED\MVP_QAIC_PY\🚀 MVP_QAIC_NOTICE_DOCUMENTAIRE_FINALE_v0.3.0.md,FINAL/🚀 MVP_QAIC_NOTICE_DOCUMENTAIRE_FINALE_v0.3.0.md,95bd9d78723743736cdd387ff280fb96a331f7fc1d33d981f1dee4ce5de6841a,1163,FINAL_DOC,C:\JRb_TRADING_OS\MVP_QAIC_PY\docs\FINAL\🚀 MVP_QAIC_NOTICE_DOCUMENTAIRE_FINALE_v0.3.0.md,FINAL/imported_from_crypto_signal_os/01_DOCS/FINAL_FUSED/MVP_QAIC_PY/🚀 MVP_QAIC_NOTICE_DOCUMENTAIRE_FINALE_v0.3.0.md,,REVIEW_CONFLICT_SAME_NAME_DIFFERENT_HASH,Selected for human review: same name but different hash or path; do not overwrite automatically.,HUMAN_REVIEW_REQUIRED_NO_OVERWRITE,FINAL/fusion_inbox_R6/FINAL_FUSED/MVP_QAIC_PY/🚀 MVP_QAIC_NOTICE_DOCUMENTAIRE_FINALE_v0.3.0.md,MANUAL_DIFF_REQUIRED_BEFORE_ANY_OVERWRITE
REVIEW_SAME_NAME_DIFFERENT_HASH_OR_PATH,MEDIUM,YES,A file with same name exists in target docs; human review needed before import/fusion,01_DOCS/FINAL_FUSED/MVP_QAIC_PY/🧊 MVP_QAIC_P203B4A_ARCHIVE_AUTHORIZATION_REVIEW_v0.4.0.md,8d8aaf1705f083bc52a95816ed62fb68da3bfe9748c38c93df36f3b92ccaef50,18211,FINAL_DOC,G:\Mon Drive\👥 JULIEN [Perso]\📈 Trading JRb\Solutions & Dev (Trading JRb)\📈 QAIC\🛠️ MVP QAIC — Crypto Signal OS\01_DOCS\FINAL_FUSED\MVP_QAIC_PY\🧊 MVP_QAIC_P203B4A_ARCHIVE_AUTHORIZATION_REVIEW_v0.4.0.md,FINAL/🧊 MVP_QAIC_P203B4A_ARCHIVE_AUTHORIZATION_REVIEW_v0.4.0.md,d6fa975d7b4e1f8a30db9d0271cb0c2bd825aac89d9546012429fdbe33d84afe,18204,FINAL_DOC,C:\JRb_TRADING_OS\MVP_QAIC_PY\docs\FINAL\🧊 MVP_QAIC_P203B4A_ARCHIVE_AUTHORIZATION_REVIEW_v0.4.0.md,FINAL/imported_from_crypto_signal_os/01_DOCS/FINAL_FUSED/MVP_QAIC_PY/🧊 MVP_QAIC_P203B4A_ARCHIVE_AUTHORIZATION_REVIEW_v0.4.0.md,,REVIEW_CONFLICT_SAME_NAME_DIFFERENT_HASH,Selected for human review: same name but different hash or path; do not overwrite automatically.,HUMAN_REVIEW_REQUIRED_NO_OVERWRITE,FINAL/fusion_inbox_R6/FINAL_FUSED/MVP_QAIC_PY/🧊 MVP_QAIC_P203B4A_ARCHIVE_AUTHORIZATION_REVIEW_v0.4.0.md,MANUAL_DIFF_REQUIRED_BEFORE_ANY_OVERWRITE
REVIEW_SAME_NAME_DIFFERENT_HASH_OR_PATH,MEDIUM,YES,A file with same name exists in target docs; human review needed before import/fusion,01_DOCS/FINAL_DRAFTS/MVP_QAIC_PY/P203B1/MVP_QAIC_CDC_CONTRACT_FINAL_FUSED_DRAFT_v0.1.0.md,3032350bccfe396f94ca320339bc52d0d637245cbdaa60b93e24dbe72a9adba5,46815,FINAL_DOC,G:\Mon Drive\👥 JULIEN [Perso]\📈 Trading JRb\Solutions & Dev (Trading JRb)\📈 QAIC\🛠️ MVP QAIC — Crypto Signal OS\01_DOCS\FINAL_DRAFTS\MVP_QAIC_PY\P203B1\MVP_QAIC_CDC_CONTRACT_FINAL_FUSED_DRAFT_v0.1.0.md,FINAL_DRAFTS/P203B1/MVP_QAIC_CDC_CONTRACT_FINAL_FUSED_DRAFT_v0.1.0.md,110e66c7af98916db3ef1da1e8ff5a58e1f940cfe0307e8a92b0e669a4aa5f0c,46806,FINAL_DOC,C:\JRb_TRADING_OS\MVP_QAIC_PY\docs\FINAL_DRAFTS\P203B1\MVP_QAIC_CDC_CONTRACT_FINAL_FUSED_DRAFT_v0.1.0.md,FINAL/imported_from_crypto_signal_os/01_DOCS/FINAL_DRAFTS/MVP_QAIC_PY/P203B1/MVP_QAIC_CDC_CONTRACT_FINAL_FUSED_DRAFT_v0.1.0.md,,REVIEW_CONFLICT_SAME_NAME_DIFFERENT_HASH,Selected for human review: same name but different hash or path; do not overwrite automatically.,HUMAN_REVIEW_REQUIRED_NO_OVERWRITE,FINAL/fusion_inbox_R6/FINAL_DRAFTS/MVP_QAIC_PY/P203B1/MVP_QAIC_CDC_CONTRACT_FINAL_FUSED_DRAFT_v0.1.0.md,MANUAL_DIFF_REQUIRED_BEFORE_ANY_OVERWRITE
REVIEW_SAME_NAME_DIFFERENT_HASH_OR_PATH,MEDIUM,YES,A file with same name exists in target docs; human review needed before import/fusion,01_DOCS/FINAL_DRAFTS/MVP_QAIC_PY/P203B1/MVP_QAIC_INSTRUCTIONS_GOVERNANCE_FINAL_FUSED_DRAFT_v0.1.0.md,28773546c72609e7bfeaba8a61463e5f0fa083204374234202e81756cdd2f6fd,43966,FINAL_DOC,G:\Mon Drive\👥 JULIEN [Perso]\📈 Trading JRb\Solutions & Dev (Trading JRb)\📈 QAIC\🛠️ MVP QAIC — Crypto Signal OS\01_DOCS\FINAL_DRAFTS\MVP_QAIC_PY\P203B1\MVP_QAIC_INSTRUCTIONS_GOVERNANCE_FINAL_FUSED_DRAFT_v0.1.0.md,ARCHIVE/20260624_P203_FINAL_DOCS_CLEANUP/P203B4B_R2_MOVE_ONLY/docs/FINAL_DRAFTS/P203B1/MVP_QAIC_INSTRUCTIONS_GOVERNANCE_FINAL_FUSED_DRAFT_v0.1.0.md,19d946376a0b60b09d6d4e73875e5195ac253f263a9f29b8b3cd311cbad147e2,43957,FINAL_DOC,C:\JRb_TRADING_OS\MVP_QAIC_PY\docs\ARCHIVE\20260624_P203_FINAL_DOCS_CLEANUP\P203B4B_R2_MOVE_ONLY\docs\FINAL_DRAFTS\P203B1\MVP_QAIC_INSTRUCTIONS_GOVERNANCE_FINAL_FUSED_DRAFT_v0.1.0.md,FINAL/imported_from_crypto_signal_os/01_DOCS/FINAL_DRAFTS/MVP_QAIC_PY/P203B1/MVP_QAIC_INSTRUCTIONS_GOVERNANCE_FINAL_FUSED_DRAFT_v0.1.0.md,,REVIEW_CONFLICT_SAME_NAME_DIFFERENT_HASH,Selected for human review: same name but different hash or path; do not overwrite automatically.,HUMAN_REVIEW_REQUIRED_NO_OVERWRITE,FINAL/fusion_inbox_R6/FINAL_DRAFTS/MVP_QAIC_PY/P203B1/MVP_QAIC_INSTRUCTIONS_GOVERNANCE_FINAL_FUSED_DRAFT_v0.1.0.md,MANUAL_DIFF_REQUIRED_BEFORE_ANY_OVERWRITE
REVIEW_SAME_NAME_DIFFERENT_HASH_OR_PATH,MEDIUM,YES,A file with same name exists in target docs; human review needed before import/fusion,01_DOCS/FINAL_DRAFTS/MVP_QAIC_PY/P203B1/MVP_QAIC_ROADMAP_PLANNING_FINAL_FUSED_DRAFT_v0.1.0.md,c6425452287782cfa3253fa76943eb95d7c29c4b2782ef0ae9e3d0245454e78a,42792,FINAL_DOC,G:\Mon Drive\👥 JULIEN [Perso]\📈 Trading JRb\Solutions & Dev (Trading JRb)\📈 QAIC\🛠️ MVP QAIC — Crypto Signal OS\01_DOCS\FINAL_DRAFTS\MVP_QAIC_PY\P203B1\MVP_QAIC_ROADMAP_PLANNING_FINAL_FUSED_DRAFT_v0.1.0.md,ARCHIVE/20260624_P203_FINAL_DOCS_CLEANUP/P203B4B_R2_MOVE_ONLY/docs/FINAL_DRAFTS/P203B1/MVP_QAIC_ROADMAP_PLANNING_FINAL_FUSED_DRAFT_v0.1.0.md,8a952956736e7a8817a4421904ac5298d7e1ebe3516b68a4990722e1bdb78da4,42783,FINAL_DOC,C:\JRb_TRADING_OS\MVP_QAIC_PY\docs\ARCHIVE\20260624_P203_FINAL_DOCS_CLEANUP\P203B4B_R2_MOVE_ONLY\docs\FINAL_DRAFTS\P203B1\MVP_QAIC_ROADMAP_PLANNING_FINAL_FUSED_DRAFT_v0.1.0.md,FINAL/imported_from_crypto_signal_os/01_DOCS/FINAL_DRAFTS/MVP_QAIC_PY/P203B1/MVP_QAIC_ROADMAP_PLANNING_FINAL_FUSED_DRAFT_v0.1.0.md,,REVIEW_CONFLICT_SAME_NAME_DIFFERENT_HASH,Selected for human review: same name but different hash or path; do not overwrite automatically.,HUMAN_REVIEW_REQUIRED_NO_OVERWRITE,FINAL/fusion_inbox_R6/FINAL_DRAFTS/MVP_QAIC_PY/P203B1/MVP_QAIC_ROADMAP_PLANNING_FINAL_FUSED_DRAFT_v0.1.0.md,MANUAL_DIFF_REQUIRED_BEFORE_ANY_OVERWRITE
REVIEW_SAME_NAME_DIFFERENT_HASH_OR_PATH,MEDIUM,YES,A file with same name exists in target docs; human review needed before import/fusion,01_DOCS/FINAL_DRAFTS/MVP_QAIC_PY/P203B1/MVP_QAIC_ARCHITECTURE_MIGRATION_FINAL_FUSED_DRAFT_v0.1.0.md,8ebfa47811e6875465d5e0d8270979e371122c024b0a93e6ffdd97ca0b222fc3,41931,FINAL_DOC,G:\Mon Drive\👥 JULIEN [Perso]\📈 Trading JRb\Solutions & Dev (Trading JRb)\📈 QAIC\🛠️ MVP QAIC — Crypto Signal OS\01_DOCS\FINAL_DRAFTS\MVP_QAIC_PY\P203B1\MVP_QAIC_ARCHITECTURE_MIGRATION_FINAL_FUSED_DRAFT_v0.1.0.md,ARCHIVE/20260624_P203_FINAL_DOCS_CLEANUP/P203B4B_R2_MOVE_ONLY/docs/FINAL_DRAFTS/P203B1/MVP_QAIC_ARCHITECTURE_MIGRATION_FINAL_FUSED_DRAFT_v0.1.0.md,d7e2abec44de044940d2d72477b2171ed2a2a735346c0a8ddf2f501660c87ab3,41922,FINAL_DOC,C:\JRb_TRADING_OS\MVP_QAIC_PY\docs\ARCHIVE\20260624_P203_FINAL_DOCS_CLEANUP\P203B4B_R2_MOVE_ONLY\docs\FINAL_DRAFTS\P203B1\MVP_QAIC_ARCHITECTURE_MIGRATION_FINAL_FUSED_DRAFT_v0.1.0.md,FINAL/imported_from_crypto_signal_os/01_DOCS/FINAL_DRAFTS/MVP_QAIC_PY/P203B1/MVP_QAIC_ARCHITECTURE_MIGRATION_FINAL_FUSED_DRAFT_v0.1.0.md,,REVIEW_CONFLICT_SAME_NAME_DIFFERENT_HASH,Selected for human review: same name but different hash or path; do not overwrite automatically.,HUMAN_REVIEW_REQUIRED_NO_OVERWRITE,FINAL/fusion_inbox_R6/FINAL_DRAFTS/MVP_QAIC_PY/P203B1/MVP_QAIC_ARCHITECTURE_MIGRATION_FINAL_FUSED_DRAFT_v0.1.0.md,MANUAL_DIFF_REQUIRED_BEFORE_ANY_OVERWRITE
REVIEW_SAME_NAME_DIFFERENT_HASH_OR_PATH,MEDIUM,YES,A file with same name exists in target docs; human review needed before import/fusion,01_DOCS/FINAL_DRAFTS/MVP_QAIC_PY/P203B1/MVP_QAIC_PROMPT_GEM_WORKFLOW_FINAL_FUSED_DRAFT_v0.1.0.md,70f8f655367cb30ba0c1653f8bb80fd89682fa7a3a0a323923afda12762f01be,45610,FINAL_DOC,G:\Mon Drive\👥 JULIEN [Perso]\📈 Trading JRb\Solutions & Dev (Trading JRb)\📈 QAIC\🛠️ MVP QAIC — Crypto Signal OS\01_DOCS\FINAL_DRAFTS\MVP_QAIC_PY\P203B1\MVP_QAIC_PROMPT_GEM_WORKFLOW_FINAL_FUSED_DRAFT_v0.1.0.md,ARCHIVE/20260624_P203_FINAL_DOCS_CLEANUP/P203B4B_R2_MOVE_ONLY/docs/FINAL_DRAFTS/P203B1/MVP_QAIC_PROMPT_GEM_WORKFLOW_FINAL_FUSED_DRAFT_v0.1.0.md,52709fa4e724642cfe8483f6b57010d5faf4da9b7611379c922fa3b162a39ac7,45601,FINAL_DOC,C:\JRb_TRADING_OS\MVP_QAIC_PY\docs\ARCHIVE\20260624_P203_FINAL_DOCS_CLEANUP\P203B4B_R2_MOVE_ONLY\docs\FINAL_DRAFTS\P203B1\MVP_QAIC_PROMPT_GEM_WORKFLOW_FINAL_FUSED_DRAFT_v0.1.0.md,FINAL/imported_from_crypto_signal_os/01_DOCS/FINAL_DRAFTS/MVP_QAIC_PY/P203B1/MVP_QAIC_PROMPT_GEM_WORKFLOW_FINAL_FUSED_DRAFT_v0.1.0.md,,REVIEW_CONFLICT_SAME_NAME_DIFFERENT_HASH,Selected for human review: same name but different hash or path; do not overwrite automatically.,HUMAN_REVIEW_REQUIRED_NO_OVERWRITE,FINAL/fusion_inbox_R6/FINAL_DRAFTS/MVP_QAIC_PY/P203B1/MVP_QAIC_PROMPT_GEM_WORKFLOW_FINAL_FUSED_DRAFT_v0.1.0.md,MANUAL_DIFF_REQUIRED_BEFORE_ANY_OVERWRITE
REVIEW_SAME_NAME_DIFFERENT_HASH_OR_PATH,MEDIUM,YES,A file with same name exists in target docs; human review needed before import/fusion,01_DOCS/FINAL_DRAFTS/MVP_QAIC_PY/P203B1/MVP_QAIC_SHEETS_COCKPITS_FINAL_FUSED_DRAFT_v0.1.0.md,0722e5fb74328a794470b5545df9bd24b534865f8e95f8f8b52459d7ecf491ac,45789,FINAL_DOC,G:\Mon Drive\👥 JULIEN [Perso]\📈 Trading JRb\Solutions & Dev (Trading JRb)\📈 QAIC\🛠️ MVP QAIC — Crypto Signal OS\01_DOCS\FINAL_DRAFTS\MVP_QAIC_PY\P203B1\MVP_QAIC_SHEETS_COCKPITS_FINAL_FUSED_DRAFT_v0.1.0.md,ARCHIVE/20260624_P203_FINAL_DOCS_CLEANUP/P203B4B_R2_MOVE_ONLY/docs/FINAL_DRAFTS/P203B1/MVP_QAIC_SHEETS_COCKPITS_FINAL_FUSED_DRAFT_v0.1.0.md,1c4e2ea5ea49f433c523fd974a303036df2a9f03eafb26fbcc685f696777d9a8,45780,FINAL_DOC,C:\JRb_TRADING_OS\MVP_QAIC_PY\docs\ARCHIVE\20260624_P203_FINAL_DOCS_CLEANUP\P203B4B_R2_MOVE_ONLY\docs\FINAL_DRAFTS\P203B1\MVP_QAIC_SHEETS_COCKPITS_FINAL_FUSED_DRAFT_v0.1.0.md,FINAL/imported_from_crypto_signal_os/01_DOCS/FINAL_DRAFTS/MVP_QAIC_PY/P203B1/MVP_QAIC_SHEETS_COCKPITS_FINAL_FUSED_DRAFT_v0.1.0.md,,REVIEW_CONFLICT_SAME_NAME_DIFFERENT_HASH,Selected for human review: same name but different hash or path; do not overwrite automatically.,HUMAN_REVIEW_REQUIRED_NO_OVERWRITE,FINAL/fusion_inbox_R6/FINAL_DRAFTS/MVP_QAIC_PY/P203B1/MVP_QAIC_SHEETS_COCKPITS_FINAL_FUSED_DRAFT_v0.1.0.md,MANUAL_DIFF_REQUIRED_BEFORE_ANY_OVERWRITE
REVIEW_SAME_NAME_DIFFERENT_HASH_OR_PATH,MEDIUM,YES,A file with same name exists in target docs; human review needed before import/fusion,01_DOCS/FINAL_DRAFTS/MVP_QAIC_PY/P203B1/MVP_QAIC_NOTICE_RUNBOOK_FINAL_FUSED_DRAFT_v0.1.0.md,efecfa9474f289430949c4b5344fe5cae8311f4e9d0b8756503d1257b015cb6a,39644,FINAL_DOC,G:\Mon Drive\👥 JULIEN [Perso]\📈 Trading JRb\Solutions & Dev (Trading JRb)\📈 QAIC\🛠️ MVP QAIC — Crypto Signal OS\01_DOCS\FINAL_DRAFTS\MVP_QAIC_PY\P203B1\MVP_QAIC_NOTICE_RUNBOOK_FINAL_FUSED_DRAFT_v0.1.0.md,ARCHIVE/20260624_P203_FINAL_DOCS_CLEANUP/P203B4B_R2_MOVE_ONLY/docs/FINAL_DRAFTS/P203B1/MVP_QAIC_NOTICE_RUNBOOK_FINAL_FUSED_DRAFT_v0.1.0.md,f660ecac9372f867377891400e6e2b8c634d439db3b2606927ac0441a700a142,39635,FINAL_DOC,C:\JRb_TRADING_OS\MVP_QAIC_PY\docs\ARCHIVE\20260624_P203_FINAL_DOCS_CLEANUP\P203B4B_R2_MOVE_ONLY\docs\FINAL_DRAFTS\P203B1\MVP_QAIC_NOTICE_RUNBOOK_FINAL_FUSED_DRAFT_v0.1.0.md,FINAL/imported_from_crypto_signal_os/01_DOCS/FINAL_DRAFTS/MVP_QAIC_PY/P203B1/MVP_QAIC_NOTICE_RUNBOOK_FINAL_FUSED_DRAFT_v0.1.0.md,,REVIEW_CONFLICT_SAME_NAME_DIFFERENT_HASH,Selected for human review: same name but different hash or path; do not overwrite automatically.,HUMAN_REVIEW_REQUIRED_NO_OVERWRITE,FINAL/fusion_inbox_R6/FINAL_DRAFTS/MVP_QAIC_PY/P203B1/MVP_QAIC_NOTICE_RUNBOOK_FINAL_FUSED_DRAFT_v0.1.0.md,MANUAL_DIFF_REQUIRED_BEFORE_ANY_OVERWRITE
REVIEW_SAME_NAME_DIFFERENT_HASH_OR_PATH,MEDIUM,YES,A file with same name exists in target docs; human review needed before import/fusion,01_DOCS/FINAL_DRAFTS/MVP_QAIC_PY/P203B1/MVP_QAIC_UI_UX_STITCH_FINAL_FUSED_DRAFT_v0.1.0.md,702ede9388155e20012e7fab9ae4c9f492985c4e567e5e98937aed30e9157ce4,41075,FINAL_DOC,G:\Mon Drive\👥 JULIEN [Perso]\📈 Trading JRb\Solutions & Dev (Trading JRb)\📈 QAIC\🛠️ MVP QAIC — Crypto Signal OS\01_DOCS\FINAL_DRAFTS\MVP_QAIC_PY\P203B1\MVP_QAIC_UI_UX_STITCH_FINAL_FUSED_DRAFT_v0.1.0.md,FINAL_DRAFTS/P203B1/MVP_QAIC_UI_UX_STITCH_FINAL_FUSED_DRAFT_v0.1.0.md,6b7929247f1db33a29bdc5d21c57f20deccb56890eaa533662bb69161c0190fe,41066,FINAL_DOC,C:\JRb_TRADING_OS\MVP_QAIC_PY\docs\FINAL_DRAFTS\P203B1\MVP_QAIC_UI_UX_STITCH_FINAL_FUSED_DRAFT_v0.1.0.md,FINAL/imported_from_crypto_signal_os/01_DOCS/FINAL_DRAFTS/MVP_QAIC_PY/P203B1/MVP_QAIC_UI_UX_STITCH_FINAL_FUSED_DRAFT_v0.1.0.md,,REVIEW_CONFLICT_SAME_NAME_DIFFERENT_HASH,Selected for human review: same name but different hash or path; do not overwrite automatically.,HUMAN_REVIEW_REQUIRED_NO_OVERWRITE,FINAL/fusion_inbox_R6/FINAL_DRAFTS/MVP_QAIC_PY/P203B1/MVP_QAIC_UI_UX_STITCH_FINAL_FUSED_DRAFT_v0.1.0.md,MANUAL_DIFF_REQUIRED_BEFORE_ANY_OVERWRITE
REVIEW_SAME_NAME_DIFFERENT_HASH_OR_PATH,MEDIUM,YES,A file with same name exists in target docs; human review needed before import/fusion,01_DOCS/FINAL_DRAFTS/MVP_QAIC_PY/P203B1/📘 MVP_QAIC_CDC_CONTRACT_FINAL_FUSED_DRAFT_v0.1.0.md,011326ddcacd83745b7c62102ad0c9f8add1822b070b1f52d3d7ad365e362286,30206,FINAL_DOC,G:\Mon Drive\👥 JULIEN [Perso]\📈 Trading JRb\Solutions & Dev (Trading JRb)\📈 QAIC\🛠️ MVP QAIC — Crypto Signal OS\01_DOCS\FINAL_DRAFTS\MVP_QAIC_PY\P203B1\📘 MVP_QAIC_CDC_CONTRACT_FINAL_FUSED_DRAFT_v0.1.0.md,ARCHIVE/20260624_P203_FINAL_DOCS_CLEANUP/P203B4B_R2_MOVE_ONLY/docs/FINAL_DRAFTS/P203B1/📘 MVP_QAIC_CDC_CONTRACT_FINAL_FUSED_DRAFT_v0.1.0.md,9602bf59a0b6319932b705a05871d4e91b0d8718c85074d1ce5006112a2e020c,30196,FINAL_DOC,C:\JRb_TRADING_OS\MVP_QAIC_PY\docs\ARCHIVE\20260624_P203_FINAL_DOCS_CLEANUP\P203B4B_R2_MOVE_ONLY\docs\FINAL_DRAFTS\P203B1\📘 MVP_QAIC_CDC_CONTRACT_FINAL_FUSED_DRAFT_v0.1.0.md,FINAL/imported_from_crypto_signal_os/01_DOCS/FINAL_DRAFTS/MVP_QAIC_PY/P203B1/📘 MVP_QAIC_CDC_CONTRACT_FINAL_FUSED_DRAFT_v0.1.0.md,,REVIEW_CONFLICT_SAME_NAME_DIFFERENT_HASH,Selected for human review: same name but different hash or path; do not overwrite automatically.,HUMAN_REVIEW_REQUIRED_NO_OVERWRITE,FINAL/fusion_inbox_R6/FINAL_DRAFTS/MVP_QAIC_PY/P203B1/📘 MVP_QAIC_CDC_CONTRACT_FINAL_FUSED_DRAFT_v0.1.0.md,MANUAL_DIFF_REQUIRED_BEFORE_ANY_OVERWRITE
REVIEW_SAME_NAME_DIFFERENT_HASH_OR_PATH,MEDIUM,YES,A file with same name exists in target docs; human review needed before import/fusion,01_DOCS/FINAL_DRAFTS/MVP_QAIC_PY/P203B1/🧭 MVP_QAIC_INSTRUCTIONS_GOVERNANCE_FINAL_FUSED_DRAFT_v0.1.0.md,df914bebee4f7bb20096cd28ae6bf02efd10c35d5b0f6869b995865e50e0461f,18509,FINAL_DOC,G:\Mon Drive\👥 JULIEN [Perso]\📈 Trading JRb\Solutions & Dev (Trading JRb)\📈 QAIC\🛠️ MVP QAIC — Crypto Signal OS\01_DOCS\FINAL_DRAFTS\MVP_QAIC_PY\P203B1\🧭 MVP_QAIC_INSTRUCTIONS_GOVERNANCE_FINAL_FUSED_DRAFT_v0.1.0.md,ARCHIVE/20260624_P203_FINAL_DOCS_CLEANUP/P203B4B_R2_MOVE_ONLY/docs/FINAL_DRAFTS/P203B1/🧭 MVP_QAIC_INSTRUCTIONS_GOVERNANCE_FINAL_FUSED_DRAFT_v0.1.0.md,2b329c0a6f44e99885a094202080261592fc9da0797859f9b4922421bf74d8a7,18499,FINAL_DOC,C:\JRb_TRADING_OS\MVP_QAIC_PY\docs\ARCHIVE\20260624_P203_FINAL_DOCS_CLEANUP\P203B4B_R2_MOVE_ONLY\docs\FINAL_DRAFTS\P203B1\🧭 MVP_QAIC_INSTRUCTIONS_GOVERNANCE_FINAL_FUSED_DRAFT_v0.1.0.md,FINAL/imported_from_crypto_signal_os/01_DOCS/FINAL_DRAFTS/MVP_QAIC_PY/P203B1/🧭 MVP_QAIC_INSTRUCTIONS_GOVERNANCE_FINAL_FUSED_DRAFT_v0.1.0.md,,REVIEW_CONFLICT_SAME_NAME_DIFFERENT_HASH,Selected for human review: same name but different hash or path; do not overwrite automatically.,HUMAN_REVIEW_REQUIRED_NO_OVERWRITE,FINAL/fusion_inbox_R6/FINAL_DRAFTS/MVP_QAIC_PY/P203B1/🧭 MVP_QAIC_INSTRUCTIONS_GOVERNANCE_FINAL_FUSED_DRAFT_v0.1.0.md,MANUAL_DIFF_REQUIRED_BEFORE_ANY_OVERWRITE
REVIEW_SAME_NAME_DIFFERENT_HASH_OR_PATH,MEDIUM,YES,A file with same name exists in target docs; human review needed before import/fusion,01_DOCS/FINAL_DRAFTS/MVP_QAIC_PY/P203B1/🗺️ MVP_QAIC_ROADMAP_PLANNING_FINAL_FUSED_DRAFT_v0.1.0.md,9be901e20b9342d37807fb410847453b2b694a6deaf81a1448c7c28cfd290576,26782,FINAL_DOC,G:\Mon Drive\👥 JULIEN [Perso]\📈 Trading JRb\Solutions & Dev (Trading JRb)\📈 QAIC\🛠️ MVP QAIC — Crypto Signal OS\01_DOCS\FINAL_DRAFTS\MVP_QAIC_PY\P203B1\🗺️ MVP_QAIC_ROADMAP_PLANNING_FINAL_FUSED_DRAFT_v0.1.0.md,ARCHIVE/20260624_P203_FINAL_DOCS_CLEANUP/P203B4B_R2_MOVE_ONLY/docs/FINAL_DRAFTS/P203B1/🗺️ MVP_QAIC_ROADMAP_PLANNING_FINAL_FUSED_DRAFT_v0.1.0.md,0a8192c1bda05df58852216a5d1a4c12e22557e2e3bdec84d82242e6c3814df9,26772,FINAL_DOC,C:\JRb_TRADING_OS\MVP_QAIC_PY\docs\ARCHIVE\20260624_P203_FINAL_DOCS_CLEANUP\P203B4B_R2_MOVE_ONLY\docs\FINAL_DRAFTS\P203B1\🗺️ MVP_QAIC_ROADMAP_PLANNING_FINAL_FUSED_DRAFT_v0.1.0.md,FINAL/imported_from_crypto_signal_os/01_DOCS/FINAL_DRAFTS/MVP_QAIC_PY/P203B1/🗺️ MVP_QAIC_ROADMAP_PLANNING_FINAL_FUSED_DRAFT_v0.1.0.md,,REVIEW_CONFLICT_SAME_NAME_DIFFERENT_HASH,Selected for human review: same name but different hash or path; do not overwrite automatically.,HUMAN_REVIEW_REQUIRED_NO_OVERWRITE,FINAL/fusion_inbox_R6/FINAL_DRAFTS/MVP_QAIC_PY/P203B1/🗺️ MVP_QAIC_ROADMAP_PLANNING_FINAL_FUSED_DRAFT_v0.1.0.md,MANUAL_DIFF_REQUIRED_BEFORE_ANY_OVERWRITE
REVIEW_SAME_NAME_DIFFERENT_HASH_OR_PATH,MEDIUM,YES,A file with same name exists in target docs; human review needed before import/fusion,01_DOCS/FINAL_DRAFTS/MVP_QAIC_PY/P203B1/🧱 MVP_QAIC_ARCHITECTURE_MIGRATION_FINAL_FUSED_DRAFT_v0.1.0.md,3ae4dbb86ab7a6b4da23b8eb0ef27e9fc2158ce72083576a9dab6bf776d16c81,27842,FINAL_DOC,G:\Mon Drive\👥 JULIEN [Perso]\📈 Trading JRb\Solutions & Dev (Trading JRb)\📈 QAIC\🛠️ MVP QAIC — Crypto Signal OS\01_DOCS\FINAL_DRAFTS\MVP_QAIC_PY\P203B1\🧱 MVP_QAIC_ARCHITECTURE_MIGRATION_FINAL_FUSED_DRAFT_v0.1.0.md,ARCHIVE/20260624_P203_FINAL_DOCS_CLEANUP/P203B4B_R2_MOVE_ONLY/docs/FINAL_DRAFTS/P203B1/🧱 MVP_QAIC_ARCHITECTURE_MIGRATION_FINAL_FUSED_DRAFT_v0.1.0.md,9e8255521d1c7ef56a3e74d9a02452afd27c9f68d3f8ff253035dedbd530bc78,27832,FINAL_DOC,C:\JRb_TRADING_OS\MVP_QAIC_PY\docs\ARCHIVE\20260624_P203_FINAL_DOCS_CLEANUP\P203B4B_R2_MOVE_ONLY\docs\FINAL_DRAFTS\P203B1\🧱 MVP_QAIC_ARCHITECTURE_MIGRATION_FINAL_FUSED_DRAFT_v0.1.0.md,FINAL/imported_from_crypto_signal_os/01_DOCS/FINAL_DRAFTS/MVP_QAIC_PY/P203B1/🧱 MVP_QAIC_ARCHITECTURE_MIGRATION_FINAL_FUSED_DRAFT_v0.1.0.md,,REVIEW_CONFLICT_SAME_NAME_DIFFERENT_HASH,Selected for human review: same name but different hash or path; do not overwrite automatically.,HUMAN_REVIEW_REQUIRED_NO_OVERWRITE,FINAL/fusion_inbox_R6/FINAL_DRAFTS/MVP_QAIC_PY/P203B1/🧱 MVP_QAIC_ARCHITECTURE_MIGRATION_FINAL_FUSED_DRAFT_v0.1.0.md,MANUAL_DIFF_REQUIRED_BEFORE_ANY_OVERWRITE
REVIEW_SAME_NAME_DIFFERENT_HASH_OR_PATH,MEDIUM,YES,A file with same name exists in target docs; human review needed before import/fusion,01_DOCS/FINAL_DRAFTS/MVP_QAIC_PY/P203B1/💎 MVP_QAIC_PROMPT_GEM_WORKFLOW_FINAL_FUSED_DRAFT_v0.1.0.md,40f0736fc075dab5a523180a4191213110f89b1fb9f75750632c1f45f3a6960d,29554,FINAL_DOC,G:\Mon Drive\👥 JULIEN [Perso]\📈 Trading JRb\Solutions & Dev (Trading JRb)\📈 QAIC\🛠️ MVP QAIC — Crypto Signal OS\01_DOCS\FINAL_DRAFTS\MVP_QAIC_PY\P203B1\💎 MVP_QAIC_PROMPT_GEM_WORKFLOW_FINAL_FUSED_DRAFT_v0.1.0.md,ARCHIVE/20260624_P203_FINAL_DOCS_CLEANUP/P203B4B_R2_MOVE_ONLY/docs/FINAL_DRAFTS/P203B1/💎 MVP_QAIC_PROMPT_GEM_WORKFLOW_FINAL_FUSED_DRAFT_v0.1.0.md,f52dbe6c67ae9aca758035cf803918e747f0b5cba3ed371f6b144b517577d5b4,29544,FINAL_DOC,C:\JRb_TRADING_OS\MVP_QAIC_PY\docs\ARCHIVE\20260624_P203_FINAL_DOCS_CLEANUP\P203B4B_R2_MOVE_ONLY\docs\FINAL_DRAFTS\P203B1\💎 MVP_QAIC_PROMPT_GEM_WORKFLOW_FINAL_FUSED_DRAFT_v0.1.0.md,FINAL/imported_from_crypto_signal_os/01_DOCS/FINAL_DRAFTS/MVP_QAIC_PY/P203B1/💎 MVP_QAIC_PROMPT_GEM_WORKFLOW_FINAL_FUSED_DRAFT_v0.1.0.md,,REVIEW_CONFLICT_SAME_NAME_DIFFERENT_HASH,Selected for human review: same name but different hash or path; do not overwrite automatically.,HUMAN_REVIEW_REQUIRED_NO_OVERWRITE,FINAL/fusion_inbox_R6/FINAL_DRAFTS/MVP_QAIC_PY/P203B1/💎 MVP_QAIC_PROMPT_GEM_WORKFLOW_FINAL_FUSED_DRAFT_v0.1.0.md,MANUAL_DIFF_REQUIRED_BEFORE_ANY_OVERWRITE
REVIEW_SAME_NAME_DIFFERENT_HASH_OR_PATH,MEDIUM,YES,A file with same name exists in target docs; human review needed before import/fusion,01_DOCS/FINAL_DRAFTS/MVP_QAIC_PY/P203B1/📊 MVP_QAIC_SHEETS_COCKPITS_FINAL_FUSED_DRAFT_v0.1.0.md,a8779c6eff4da2c8886733739bb85195022779ae3aee0aaa1fee336067ad74c6,28273,FINAL_DOC,G:\Mon Drive\👥 JULIEN [Perso]\📈 Trading JRb\Solutions & Dev (Trading JRb)\📈 QAIC\🛠️ MVP QAIC — Crypto Signal OS\01_DOCS\FINAL_DRAFTS\MVP_QAIC_PY\P203B1\📊 MVP_QAIC_SHEETS_COCKPITS_FINAL_FUSED_DRAFT_v0.1.0.md,ARCHIVE/20260624_P203_FINAL_DOCS_CLEANUP/P203B4B_R2_MOVE_ONLY/docs/FINAL_DRAFTS/P203B1/📊 MVP_QAIC_SHEETS_COCKPITS_FINAL_FUSED_DRAFT_v0.1.0.md,1094d94aa07d9a11dc2e30f335b37d4c8776639ef23c0493e8b5f91a47909dc6,28263,FINAL_DOC,C:\JRb_TRADING_OS\MVP_QAIC_PY\docs\ARCHIVE\20260624_P203_FINAL_DOCS_CLEANUP\P203B4B_R2_MOVE_ONLY\docs\FINAL_DRAFTS\P203B1\📊 MVP_QAIC_SHEETS_COCKPITS_FINAL_FUSED_DRAFT_v0.1.0.md,FINAL/imported_from_crypto_signal_os/01_DOCS/FINAL_DRAFTS/MVP_QAIC_PY/P203B1/📊 MVP_QAIC_SHEETS_COCKPITS_FINAL_FUSED_DRAFT_v0.1.0.md,,REVIEW_CONFLICT_SAME_NAME_DIFFERENT_HASH,Selected for human review: same name but different hash or path; do not overwrite automatically.,HUMAN_REVIEW_REQUIRED_NO_OVERWRITE,FINAL/fusion_inbox_R6/FINAL_DRAFTS/MVP_QAIC_PY/P203B1/📊 MVP_QAIC_SHEETS_COCKPITS_FINAL_FUSED_DRAFT_v0.1.0.md,MANUAL_DIFF_REQUIRED_BEFORE_ANY_OVERWRITE
REVIEW_SAME_NAME_DIFFERENT_HASH_OR_PATH,MEDIUM,YES,A file with same name exists in target docs; human review needed before import/fusion,01_DOCS/FINAL_DRAFTS/MVP_QAIC_PY/P203B1/🚀 MVP_QAIC_NOTICE_RUNBOOK_FINAL_FUSED_DRAFT_v0.1.0.md,bec5d20af7196f02b104acbf1530ab702edc887c30bd336153670f07aa7d5c58,21366,FINAL_DOC,G:\Mon Drive\👥 JULIEN [Perso]\📈 Trading JRb\Solutions & Dev (Trading JRb)\📈 QAIC\🛠️ MVP QAIC — Crypto Signal OS\01_DOCS\FINAL_DRAFTS\MVP_QAIC_PY\P203B1\🚀 MVP_QAIC_NOTICE_RUNBOOK_FINAL_FUSED_DRAFT_v0.1.0.md,ARCHIVE/20260624_P203_FINAL_DOCS_CLEANUP/P203B4B_R2_MOVE_ONLY/docs/FINAL_DRAFTS/P203B1/🚀 MVP_QAIC_NOTICE_RUNBOOK_FINAL_FUSED_DRAFT_v0.1.0.md,7333e70b7bb73098f6194aec32fc130bfc3108b12c3556ed887edc3946d53107,21356,FINAL_DOC,C:\JRb_TRADING_OS\MVP_QAIC_PY\docs\ARCHIVE\20260624_P203_FINAL_DOCS_CLEANUP\P203B4B_R2_MOVE_ONLY\docs\FINAL_DRAFTS\P203B1\🚀 MVP_QAIC_NOTICE_RUNBOOK_FINAL_FUSED_DRAFT_v0.1.0.md,FINAL/imported_from_crypto_signal_os/01_DOCS/FINAL_DRAFTS/MVP_QAIC_PY/P203B1/🚀 MVP_QAIC_NOTICE_RUNBOOK_FINAL_FUSED_DRAFT_v0.1.0.md,,REVIEW_CONFLICT_SAME_NAME_DIFFERENT_HASH,Selected for human review: same name but different hash or path; do not overwrite automatically.,HUMAN_REVIEW_REQUIRED_NO_OVERWRITE,FINAL/fusion_inbox_R6/FINAL_DRAFTS/MVP_QAIC_PY/P203B1/🚀 MVP_QAIC_NOTICE_RUNBOOK_FINAL_FUSED_DRAFT_v0.1.0.md,MANUAL_DIFF_REQUIRED_BEFORE_ANY_OVERWRITE
REVIEW_SAME_NAME_DIFFERENT_HASH_OR_PATH,MEDIUM,YES,A file with same name exists in target docs; human review needed before import/fusion,01_DOCS/FINAL_DRAFTS/MVP_QAIC_PY/P203B1/🎨 MVP_QAIC_UI_UX_STITCH_FINAL_FUSED_DRAFT_v0.1.0.md,33c292acfc195d39c23a968fbdd60bb9e306298a1e944e9eded6a34a50064cdb,23719,FINAL_DOC,G:\Mon Drive\👥 JULIEN [Perso]\📈 Trading JRb\Solutions & Dev (Trading JRb)\📈 QAIC\🛠️ MVP QAIC — Crypto Signal OS\01_DOCS\FINAL_DRAFTS\MVP_QAIC_PY\P203B1\🎨 MVP_QAIC_UI_UX_STITCH_FINAL_FUSED_DRAFT_v0.1.0.md,ARCHIVE/20260624_P203_FINAL_DOCS_CLEANUP/P203B4B_R2_MOVE_ONLY/docs/FINAL_DRAFTS/P203B1/🎨 MVP_QAIC_UI_UX_STITCH_FINAL_FUSED_DRAFT_v0.1.0.md,cc0738d18dd7757ff9dc55a513bc795fc6547c01431637627ce9e4e1cf5768e5,23709,FINAL_DOC,C:\JRb_TRADING_OS\MVP_QAIC_PY\docs\ARCHIVE\20260624_P203_FINAL_DOCS_CLEANUP\P203B4B_R2_MOVE_ONLY\docs\FINAL_DRAFTS\P203B1\🎨 MVP_QAIC_UI_UX_STITCH_FINAL_FUSED_DRAFT_v0.1.0.md,FINAL/imported_from_crypto_signal_os/01_DOCS/FINAL_DRAFTS/MVP_QAIC_PY/P203B1/🎨 MVP_QAIC_UI_UX_STITCH_FINAL_FUSED_DRAFT_v0.1.0.md,,REVIEW_CONFLICT_SAME_NAME_DIFFERENT_HASH,Selected for human review: same name but different hash or path; do not overwrite automatically.,HUMAN_REVIEW_REQUIRED_NO_OVERWRITE,FINAL/fusion_inbox_R6/FINAL_DRAFTS/MVP_QAIC_PY/P203B1/🎨 MVP_QAIC_UI_UX_STITCH_FINAL_FUSED_DRAFT_v0.1.0.md,MANUAL_DIFF_REQUIRED_BEFORE_ANY_OVERWRITE
REVIEW_SAME_NAME_DIFFERENT_HASH_OR_PATH,MEDIUM,YES,A file with same name exists in target docs; human review needed before import/fusion,01_DOCS/FINAL_DRAFTS/MVP_QAIC_PY/P203B1/🧾 MVP_QAIC_P203B1_DOC_FUSION_INDEX_v0.1.0.md,8ad1afb31b2a773d0aa6bd4c6c6fb7a4035850bd0f8e3cc3141346579a6416a3,1340,FINAL_DOC,G:\Mon Drive\👥 JULIEN [Perso]\📈 Trading JRb\Solutions & Dev (Trading JRb)\📈 QAIC\🛠️ MVP QAIC — Crypto Signal OS\01_DOCS\FINAL_DRAFTS\MVP_QAIC_PY\P203B1\🧾 MVP_QAIC_P203B1_DOC_FUSION_INDEX_v0.1.0.md,ARCHIVE/20260624_P203_FINAL_DOCS_CLEANUP/P203B4B_R2_MOVE_ONLY/docs/FINAL_DRAFTS/P203B1/🧾 MVP_QAIC_P203B1_DOC_FUSION_INDEX_v0.1.0.md,f1661ffcba76524e1fc6d40fe393f45cf66c9cb99ac564a33d45481ceac73da6,1335,FINAL_DOC,C:\JRb_TRADING_OS\MVP_QAIC_PY\docs\ARCHIVE\20260624_P203_FINAL_DOCS_CLEANUP\P203B4B_R2_MOVE_ONLY\docs\FINAL_DRAFTS\P203B1\🧾 MVP_QAIC_P203B1_DOC_FUSION_INDEX_v0.1.0.md,FINAL/imported_from_crypto_signal_os/01_DOCS/FINAL_DRAFTS/MVP_QAIC_PY/P203B1/🧾 MVP_QAIC_P203B1_DOC_FUSION_INDEX_v0.1.0.md,,REVIEW_CONFLICT_SAME_NAME_DIFFERENT_HASH,Selected for human review: same name but different hash or path; do not overwrite automatically.,HUMAN_REVIEW_REQUIRED_NO_OVERWRITE,FINAL/fusion_inbox_R6/FINAL_DRAFTS/MVP_QAIC_PY/P203B1/🧾 MVP_QAIC_P203B1_DOC_FUSION_INDEX_v0.1.0.md,MANUAL_DIFF_REQUIRED_BEFORE_ANY_OVERWRITE
REVIEW_SAME_NAME_DIFFERENT_HASH_OR_PATH,MEDIUM,YES,A file with same name exists in target docs; human review needed before import/fusion,01_DOCS/NOTICE/MVP_QAIC_PY/🚀 MVP_QAIC_NOTICE_DOCUMENTAIRE_FINALE_v0.3.0.md,f34d010f2e155158bff0b420a55a940f293aed4c8da30a72be1c81f8a355b995,1166,FINAL_DOC,G:\Mon Drive\👥 JULIEN [Perso]\📈 Trading JRb\Solutions & Dev (Trading JRb)\📈 QAIC\🛠️ MVP QAIC — Crypto Signal OS\01_DOCS\NOTICE\MVP_QAIC_PY\🚀 MVP_QAIC_NOTICE_DOCUMENTAIRE_FINALE_v0.3.0.md,FINAL/🚀 MVP_QAIC_NOTICE_DOCUMENTAIRE_FINALE_v0.3.0.md,95bd9d78723743736cdd387ff280fb96a331f7fc1d33d981f1dee4ce5de6841a,1163,FINAL_DOC,C:\JRb_TRADING_OS\MVP_QAIC_PY\docs\FINAL\🚀 MVP_QAIC_NOTICE_DOCUMENTAIRE_FINALE_v0.3.0.md,FINAL/imported_from_crypto_signal_os/01_DOCS/NOTICE/MVP_QAIC_PY/🚀 MVP_QAIC_NOTICE_DOCUMENTAIRE_FINALE_v0.3.0.md,,REVIEW_CONFLICT_SAME_NAME_DIFFERENT_HASH,Selected for human review: same name but different hash or path; do not overwrite automatically.,HUMAN_REVIEW_REQUIRED_NO_OVERWRITE,FINAL/fusion_inbox_R6/NOTICE/MVP_QAIC_PY/🚀 MVP_QAIC_NOTICE_DOCUMENTAIRE_FINALE_v0.3.0.md,MANUAL_DIFF_REQUIRED_BEFORE_ANY_OVERWRITE
